order,Distr_ID,Gub_ID,Name_RU,Name_ENG,prov_RU,prov_ENG,district_uk,state_uk
1,3,1,Улеоский,Oulu,Улеаборгская губерния,Oulu governorate,Улеоський повіт,Улеаборгська губернія
2,4,1,Каянаский,Kajaani,Улеаборгская губерния,Oulu governorate,Каянаський повіт,Улеаборгська губернія
3,12,3,Новгородский,Novgorodskii,Новгородская губерния,Novgorod governorate,Новгородський повіт,Новгородська губернія
4,13,3,Тихвинский,Tikhvinskii,Новгородская губерния,Novgorod governorate,Тихвінський повіт,Новгородська губернія
5,30,4,Куортанеский,Kuortane,Вазаская губерния,Vaasa governorate,Куортанеський повіт,Вазаська губернія
6,33,4,Ильмолаский,Ilmajoki,Вазаская губерния,Vaasa governorate,Ільмоласький повіт,Вазаська губернія
7,35,5,Икалисский,Ikalis,Або-Бьернеборгская губерния,Abo-Björneborg governorate,Ікаліський повіт,Або-Б'єрнеборгська губернія
8,42,5,Ульфсбюский,Ulfsby,Або-Бьернеборгская губерния,Abo-Björneborg governorate,Ульфсбюський повіт,Або-Б'єрнеборгська губернія
9,38,5,Маскуский,Masku,Або-Бьернеборгская губерния,Abo-Björneborg governorate,Маскуський повіт,Або-Б'єрнеборгська губернія
10,40,5,Вемоский,Wehmo,Або-Бьернеборгская губерния,Abo-Björneborg governorate,Вемоський повіт,Або-Б'єрнеборгська губернія
11,45,6,Таммелаский,Tammela-Härad,Тавастгусская губерния,Häme governorate,Таммеласський повіт,Тавастгуська губернія
12,44,6,Биркалаский,Birkkala,Тавастгусская губерния,Häme governorate,Біркаласький повіт,Тавастгуська губернія
13,46,6,Гаугоский,Hanho,Тавастгусская губерния,Häme governorate,Гаугоський повіт,Тавастгуська губернія
14,48,6,Ямсяский,Jämsä,Тавастгусская губерния,Häme governorate,Ямсяський повіт,Тавастгуська губернія
15,39,5,Пикисский,Pükkis,Або-Бьернеборгская губерния,Abo-Björneborg governorate,Пікіський повіт,Або-Б'єрнеборгська губернія
16,50,7,Лоиоский,Lojo,Нюландская губерния,Uusimaa governorate,Лойоський повіт,Нюландська губернія
17,34,4,Лауккас,Laukkas,Вазаская губерния,Vaasa governorate,Лауккас,Вазаська губернія
18,53,8,Гейнолаский,Heinola-Härad,Санкт-Михельская губерния,Mikkeli governorate,Гейноласький повіт,Санкт-Михельська губернія
19,27,1,Гапавесиский,Haapavesi,Улеаборгская губерния,Oulu governorate,Гапавесиський повіт,Улеаборгська губернія
20,59,9,Куопиоский,Kuopio,Куопиоская губерния,Kuopio governorate,Куопіоський повіт,Куопіоська губернія
21,62,10,Кюменский\r\n,Kymmene-Härad,Выборгская губерния,Vyborg governorate,Кюменський,Виборзька губернія
22,63,10,Страндасский,Stranda,Выборгская губерния,Vyborg governorate,Страндаський повіт,Виборзька губернія
23,10,2,Шлиссельбургский,Shlisselburgskii,Санкт-Петербургская губерния,St. Petersburg governorate,Шліссельбурзький повіт,Санкт-Петербурзька губернія
24,64,10,Эуряпясский,Ayräpää,Выборгская губерния,Vyborg governorate,Еуряпяський повіт,Виборзька губернія
25,65,10,Лаапвесиский,Lappvesi,Выборгская губерния,Vyborg governorate,Лаапвесиський повіт,Виборзька губернія
26,66,10,Яскисский,Jääskis,Выборгская губерния,Vyborg governorate,Яскіський повіт,Виборзька губернія
27,67,10,Кексгольмский,Kexholm,Выборгская губерния,Vyborg governorate,Кексгольмський повіт,Виборзька губернія
28,2,1,Кемиский,Kemi,Улеаборгская губерния,Oulu governorate,Кеміський повіт,Улеаборгська губернія
29,18,3,Боровичский,Borovichskii,Новгородская губерния,Novgorod governorate,Боровичський повіт,Новгородська губернія
30,83,13,Весьегонский,Vesegonskii,Тверская губерния,Tver governorate,Весьогонський повіт,Тверська губернія
31,86,13,Кашинский,Kashinskii,Тверская губерния,Tver governorate,Кашинський повіт,Тверська губернія
32,87,13,Калязинский,Kaliazinskii,Тверская губерния,Tver governorate,Калязінський повіт,Тверська губернія
33,85,13,Осташковский,Ostashkovskii,Тверская губерния,Tver governorate,Осташковський повіт,Тверська губернія
34,90,13,Старицкий,Staritskii,Тверская губерния,Tver governorate,Старицький повіт,Тверська губернія
35,93,13,Новоторжский,Novotorzhskii,Тверская губерния,Tver governorate,Новоторзький повіт,Тверська губернія
36,94,13,Бежецкий,Bezhetskii,Тверская губерния,Tver governorate,Бежецький повіт,Тверська губернія
37,95,14,Моложский,Molozhskii,Ярославская губерния,Yaroslavl governorate,Моложський повіт,Ярославська губернія
38,96,14,Пошехонский,Poshekhonskii,Ярославская губерния,Yaroslavl governorate,Пошехонський повіт,Ярославська губернія
39,98,14,Даниловский,Danilovskii,Ярославская губерния,Yaroslavl governorate,Даниловський повіт,Ярославська губернія
40,99,14,Ярославский,Iaroslavskii,Ярославская губерния,Yaroslavl governorate,Ярославський повіт,Ярославська губернія
41,101,14,Угличский,Uglichskii,Ярославская губерния,Yaroslavl governorate,Углицький повіт,Ярославська губернія
42,102,14,Мышкинский,Myshkinskii,Ярославская губерния,Yaroslavl governorate,Мишкінський повіт,Ярославська губернія
43,111,15,Устюжский,Ustiuzhskii,Вологодская губерния,Vologda governorate,Устюзький повіт,Вологодська губернія
44,113,15,Усть-сысольский,Ust-Sysolskii,Вологодская губерния,Vologda governorate,Усть-Сисольський повіт,Вологодська губернія
45,107,15,Сольвычегодский,Solvychegodskii,Вологодская губерния,Vologda governorate,Сольвичорічський повіт,Вологодська губернія
46,112,15,Никольский,Nikolskii,Вологодская губерния,Vologda governorate,Микільський повіт,Вологодська губернія
47,116,16,Кологривский,Kologrivskii,Костромская губерния,Kostroma governorate,Кологрівський повіт,Костромська губернія
48,118,16,Варнавинский,Varnavinskii,Костромская губерния,Kostroma governorate,Варнавінський повіт,Костромська губернія
49,121,16,Галичский,Galichskii,Костромская губерния,Kostroma governorate,Галицький повіт,Костромська губернія
50,124,16,Костромской,Kostromskoi,Костромская губерния,Kostroma governorate,Костромській повіт,Костромська губернія
51,97,14,Любимский,Liubimskii,Ярославская губерния,Yaroslavl governorate,Любимський повіт,Ярославська губернія
52,122,16,Юрьевецкий,Iurevetskii,Костромская губерния,Kostroma governorate,Юр'євецький повіт,Костромська губернія
53,125,16,Нерехтский,Nerekhtskii,Костромская губерния,Kostroma governorate,Нерехтський повіт,Костромська губернія
54,126,17,Гороховецкий,Gorokhovetskii,Владимирская губерния,Vladimir governorate,Гороховецький повіт,Володимирська губернія
55,131,17,Судогодский,Sudogodskii,Владимирская губерния,Vladimir governorate,Судогодський повіт,Володимирська губернія
56,132,17,Шуйский,Shuiskii,Владимирская губерния,Vladimir governorate,Шуйський повіт,Володимирська губернія
57,127,17,Вязниковский,Viaznikovskii,Владимирская губерния,Vladimir governorate,В'язніковський повіт,Володимирська губернія
58,100,14,Ростовский,Rostovskii,Ярославская губерния,Yaroslavl governorate,Ростовський повіт,Ярославська губернія
59,133,17,Суздальский,Suzdalskii,Владимирская губерния,Vladimir governorate,Суздальський повіт,Володимирська губернія
60,134,17,Владимирский,Vladimirskii,Владимирская губерния,Vladimir governorate,Володимирський повіт,Володимирська губернія
61,135,17,Юрьевский,Iurevskii,Владимирская губерния,Vladimir governorate,Юріївський повіт,Володимирська губернія
62,137,17,Переславский,Pereslavskii,Владимирская губерния,Vladimir governorate,Переславський повіт,Володимирська губернія
63,139,18,Порховский,Porkhovskii,Псковская губерния,Pskov governorate,Порхівський повіт,Псковська губернія
64,140,18,Холмский,Kholmskii,Псковская губерния,Pskov governorate,Холмський повіт,Псковська губернія
65,143,18,Великолуцкий,Velikolutskii,Псковская губерния,Pskov governorate,Великолуцький повіт,Псковська губернія
66,144,18,Опочецкий,Opochetskii,Псковская губерния,Pskov governorate,Опочецький повіт,Псковська губернія
67,146,18,Островский,Ostrovskii,Псковская губерния,Pskov governorate,Островський повіт,Псковська губернія
68,147,19,Везенбергский,Vezenbergskii,Эстляндская губерния,Estonia governorate,Везенберзький повіт,Естляндська губернія
69,149,19,Ревельский,Revelskii,Эстляндская губерния,Estonia governorate,Ревельський повіт,Естляндська губернія
70,9,2,Гдовский,Gdovskii,Санкт-Петербургская губерния,St. Petersburg governorate,Гдовський повіт,Санкт-Петербурзька губернія
71,151,20,Юрьевский,Iurevskii,Лифляндская губерния,Livonia governorate,Юріївський повіт,Ліфляндська губернія
72,148,19,Вейсенштейнский,Veisenshteinskii,Эстляндская губерния,Estonia governorate,Вейсенштейнський повіт,Естляндська губернія
73,154,20,Перновский,Pernovskii,Лифляндская губерния,Livonia governorate,Пернівський повіт,Ліфляндська губернія
74,155,20,Валкский,Valkskii,Лифляндская губерния,Livonia governorate,Валкський повіт,Ліфляндська губернія
75,153,20,Феллинский,Fellinskii,Лифляндская губерния,Livonia governorate,Фелінський повіт,Ліфляндська губернія
76,156,20,Вольмарский,Volmarskii,Лифляндская губерния,Livonia governorate,Вольмарський повіт,Ліфляндська губернія
77,157,20,Венденский,Vendenskii,Лифляндская губерния,Livonia governorate,Венденський повіт,Ліфляндська губернія
78,159,21,Фридрихштадтский,Fridrikhshtadtskii,Курляндская губерния,Kurland governorate,Фрідріхштадтський повіт,Курляндська губернія
79,163,21,Туккумский,Tukkumskii,Курляндская губерния,Kurland governorate,Туккумський повіт,Курляндська губернія
80,158,20,Рижский,Rizhskii,Лифляндская губерния,Livonia governorate,Ризький повіт,Ліфляндська губернія
81,166,21,Гольдингенский,Goldingenskii,Курляндская губерния,Kurland governorate,Гольдингенський повіт,Курляндська губернія
82,167,21,Газенпотский,Gazenpotskii,Курляндская губерния,Kurland governorate,Газенпотський повіт,Курляндська губернія
83,173,22,Тельшевский,Telshevskii,Ковенская губерния,Kovno governorate,Тельшевський повіт,Ковенська губернія
84,171,22,Ковенский,Kovenskii,Ковенская губерния,Kovno governorate,Ковенський повіт,Ковенська губернія
85,175,22,Поневежский,Ponevezhskii,Ковенская губерния,Kovno governorate,Поневізький повіт,Ковенська губернія
86,176,23,Купровский,Kuprovskii,Витебская губерния,Vitebsk governorate,Купровський повіт,Вітебська губернія
87,177,23,Двинский,Dvinskii,Витебская губерния,Vitebsk governorate,Двінський повіт,Вітебська губернія
88,179,23,Люцинский,Liutsinskii,Витебская губерния,Vitebsk governorate,Люцинський повіт,Вітебська губернія
89,160,21,Иллукстский,Illukstskii,Курляндская губерния,Kurland governorate,Іллукстський повіт,Курляндська губернія
90,180,23,Дриссенский,Drissenskii,Витебская губерния,Vitebsk governorate,Дрісенський повіт,Вітебська губернія
91,141,18,Торопецкий,Toropetskii,Псковская губерния,Pskov governorate,Торопецький повіт,Псковська губернія
92,182,23,Невельский,Nevelskii,Витебская губерния,Vitebsk governorate,Невельський повіт,Вітебська губернія
93,183,23,Велижский,Velizhskii,Витебская губерния,Vitebsk governorate,Велізький повіт,Вітебська губернія
94,186,23,Витебский,Vitebskii,Витебская губерния,Vitebsk governorate,Вітебський повіт,Вітебська губернія
95,188,24,Яранский,Iaranskii,Вятская губерния,Viatka governorate,Яранський повіт,Вятська губернія
96,193,24,Нолинский,Nolinskii,Вятская губерния,Viatka governorate,Нолінський повіт,Вятська губернія
97,190,24,Уржумский,Urzhumskii,Вятская губерния,Viatka governorate,Уржумський повіт,Вятська губернія
98,197,24,Глазовский,Glazovskii,Вятская губерния,Viatka governorate,Глазовський повіт,Вятська губернія
99,192,24,Вятский,Viatskii,Вятская губерния,Viatka governorate,Вятський повіт,Вятська губернія
100,199,25,Владиславовский,Vladislavovskii,Сувалкская губерния,Suwałki governorate,Владиславівський повіт,Сувалкська губернія
101,202,25,Августовский,Avgustovskii,Сувалкская губерния,Suwałki governorate,Серпневий повіт,Сувалкська губернія
102,203,25,Мариампольский,Mariampolskii,Сувалкская губерния,Suwałki governorate,Маріампільський повіт,Сувалкська губернія
103,200,25,Волковышский,Volkovyshskii,Сувалкская губерния,Suwałki governorate,Вовковизький повіт,Сувалкська губернія
104,201,25,Сувалкский,Suvalkskii,Сувалкская губерния,Suwałki governorate,Сувалкський повіт,Сувалкська губернія
105,204,25,Кальварийский,Kalvariiskii,Сувалкская губерния,Suwałki governorate,Кальварійський повіт,Сувалкська губернія
106,170,22,Вилькомирский,Vilkomirskii,Ковенская губерния,Kovno governorate,Вількомирський повіт,Ковенська губернія
107,206,26,Трокский,Trokskii,Виленская губерния,Vilna governorate,Трокський повіт,Віленська губернія
108,210,26,Дисненский,Disnenskii,Виленская губерния,Vilna governorate,Дісненський повіт,Віленська губернія
109,215,27,Остроленский,Ostrolenskii,Ломжинская губерния,Łomża governorate,Остроленський повіт,Ломжинська губернія
110,216,27,Маковский,Makovskii,Ломжинская губерния,Łomża governorate,Маковський повіт,Ломжинська губернія
111,220,27,Островский,Ostrovskii,Ломжинская губерния,Łomża governorate,Островський повіт,Ломжинська губернія
112,223,28,Цехановский,Tsekhanovskii,Плоцкая губерния,Płock governorate,Цехановський повіт,Плоцька губернія
113,225,28,Серпецкий,Serpetskii,Плоцкая губерния,Płock governorate,Серпецький повіт,Плоцька губернія
114,226,28,Плоцкий,Plotskii,Плоцкая губерния,Płock governorate,Плоцький повіт,Плоцька губернія
115,227,28,Липновский,Lipnovskii,Плоцкая губерния,Płock governorate,Липнівський повіт,Плоцька губернія
116,228,28,Рыпинский,Rypinskii,Плоцкая губерния,Płock governorate,Рипинський повіт,Плоцька губернія
117,230,29,Влоцлавский,Vlotslavskii,Варшавская губерния,Warsaw governorate,Влоцлавський повіт,Варшавська губернія
118,221,107,Венгровский,Vengrovskii,Седлецкая губерния,Siedlce governorate,Угорський повіт,Седлецька губернія
119,231,29,Новоминский,Novominskii,Варшавская губерния,Warsaw governorate,Новомінський повіт,Варшавська губернія
120,233,29,Гостынский,Gostynskii,Варшавская губерния,Warsaw governorate,Гостинський повіт,Варшавська губернія
121,232,29,Кутновский,Kutnovskii,Варшавская губерния,Warsaw governorate,Кутнівський повіт,Варшавська губернія
122,234,29,Ловичский,Lovichskii,Варшавская губерния,Warsaw governorate,Ловичський повіт,Варшавська губернія
123,235,29,Скерневицкий,Skernevitskii,Варшавская губерния,Warsaw governorate,Скерневицький повіт,Варшавська губернія
124,236,29,Гроецкий,Groetskii,Варшавская губерния,Warsaw governorate,Гроєцький повіт,Варшавська губернія
125,237,29,Блонский,Blonskii,Варшавская губерния,Warsaw governorate,Блонський повіт,Варшавська губернія
126,238,29,Сохачевский,Sokhachevskii,Варшавская губерния,Warsaw governorate,Сохачевський повіт,Варшавська губернія
127,239,29,Плонский,Plonskii,Варшавская губерния,Warsaw governorate,Плонський повіт,Варшавська губернія
128,240,29,Пултуский,Pultuskii,Варшавская губерния,Warsaw governorate,Пултуський повіт,Варшавська губернія
129,241,29,Варшавский,Varshavskii,Варшавская губерния,Warsaw governorate,Варшавський повіт,Варшавська губернія
130,242,29,Радиминский,Radiminskii,Варшавская губерния,Warsaw governorate,Радімінський повіт,Варшавська губернія
131,243,30,Ленчицкий,Lenchitskii,Калишская губерния,Kalisz governorate,Ленчицький повіт,Каліська губернія
132,244,30,Кольский,Kolskii,Калишская губерния,Kalisz governorate,Кольський повіт,Каліська губернія
133,245,30,Слупецкий,Slupetskii,Калишская губерния,Kalisz governorate,Слупецький повіт,Каліська губернія
134,246,30,Конинский,Koninskii,Калишская губерния,Kalisz governorate,Конінський повіт,Каліська губернія
135,247,30,Калишский,Kalishskii,Калишская губерния,Kalisz governorate,Каліський повіт,Каліська губернія
136,248,30,Велюнский,Veliunskii,Калишская губерния,Kalisz governorate,Велюнський повіт,Каліська губернія
137,249,30,Турекский,Turekskii,Калишская губерния,Kalisz governorate,Турецький повіт,Каліська губернія
138,251,31,Равский,Ravskii,Петроковская губерния,Piotrków governorate,Равський повіт,Петроківська губернія
139,252,31,Брезинский,Brezinskii,Петроковская губерния,Piotrków governorate,Брезинський повіт,Петроківська губернія
140,250,30,Серадзский,Seradzskii,Калишская губерния,Kalisz governorate,Серадський повіт,Каліська губернія
141,253,31,Лодзинский,Lodzinskii,Петроковская губерния,Piotrków governorate,Лодзинський повіт,Петроківська губернія
142,256,31,Новорадомский,Novoradomskii,Петроковская губерния,Piotrków governorate,Новорадомський повіт,Петроківська губернія
143,257,31,Ченстоховский,Chenstokhovskii,Петроковская губерния,Piotrków governorate,Ченстохівський повіт,Петроківська губернія
144,258,31,Бендинский,Bendinskii,Петроковская губерния,Piotrków governorate,Бендінський повіт,Петроківська губернія
145,259,32,Влощовский,Vloshchovskii,Келецкая губерния,Kielce governorate,Влощівський повіт,Келецька губернія
146,260,32,Олькушский,Olkushskii,Келецкая губерния,Kielce governorate,Олькуський повіт,Келецька губернія
147,262,32,Андреевский,Andreevskii,Келецкая губерния,Kielce governorate,Андріївський повіт,Келецька губернія
148,263,32,Стопницкий,Stopnitskii,Келецкая губерния,Kielce governorate,Стопницький повіт,Келецька губернія
149,265,32,Пинчовский,Pinchovskii,Келецкая губерния,Kielce governorate,Пінчовський повіт,Келецька губернія
150,255,31,Петроковский,Petrokovskii,Петроковская губерния,Piotrków governorate,Петроківський повіт,Петроківська губернія
151,266,33,Опоченский,Opochenskii,Радомская губерния,Radom governorate,Опоченський повіт,Радомська губернія
152,267,33,Конский,Konskii,Радомская губерния,Radom governorate,Кінський повіт,Радомська губернія
153,269,33,Сандомирский,Sandomirskii,Радомская губерния,Radom governorate,Сандомирський повіт,Радомська губернія
154,270,33,Козеницкий,Kozenitskii,Радомская губерния,Radom governorate,Козеницький повіт,Радомська губернія
155,261,32,Келецкий,Keletskii,Келецкая губерния,Kielce governorate,Келецький повіт,Келецька губернія
156,271,33,Илжецкий,Ilzhetskii,Радомская губерния,Radom governorate,Ілжецький повіт,Радомська губернія
157,272,33,Опатовский,Opatovskii,Радомская губерния,Radom governorate,Опатовський повіт,Радомська губернія
158,273,34,Яновский,Ianovskii,Люблинская губерния,Lublin governorate,Яновський повіт,Люблінська губернія
159,274,34,Белгорайский,Belgoraiskii,Люблинская губерния,Lublin governorate,Білгорайський повіт,Люблінська губернія
160,275,34,Замостский,Zamostskii,Люблинская губерния,Lublin governorate,Замостський повіт,Люблінська губернія
161,276,34,Красноставский,Krasnostavskii,Люблинская губерния,Lublin governorate,Красноставський повіт,Люблінська губернія
162,278,34,Ново-Александрийский,Novo-Aleksandriiskii,Люблинская губерния,Lublin governorate,Ново-Олександрійський повіт,Люблінська губернія
163,279,107,Гарволинский,Garvolinskii,Седлецкая губерния,Siedlce governorate,Гарволінський повіт,Седлецька губернія
164,281,107,Седлецкий,Sedletskii,Седлецкая губерния,Siedlce governorate,Седлецький повіт,Седлецька губернія
165,282,107,Луковский,Lukovskii,Седлецкая губерния,Siedlce governorate,Луківський повіт,Седлецька губернія
166,284,34,Любартовский,Liubartovskii,Люблинская губерния,Lublin governorate,Любартовський повіт,Люблінська губернія
167,286,34,Томашевский,Tomashevskii,Люблинская губерния,Lublin governorate,Томашевський повіт,Люблінська губернія
168,288,34,Грубешовский,Grubeshovskii,Люблинская губерния,Lublin governorate,Грубешівський повіт,Люблінська губернія
169,289,34,Холмский,Kholmskii,Люблинская губерния,Lublin governorate,Холмський повіт,Люблінська губернія
170,277,34,Люблинский,Liublinskii,Люблинская губерния,Lublin governorate,Люблінський повіт,Люблінська губернія
171,283,107,Радинский,Radinskii,Седлецкая губерния,Siedlce governorate,Радінський повіт,Седлецька губернія
172,290,107,Константиновский,Konstantinovskii,Седлецкая губерния,Siedlce governorate,Костянтинівський повіт,Седлецька губернія
173,218,27,Ломжинский,Lomzhinskii,Ломжинская губерния,Łomża governorate,Ломжинський повіт,Ломжинська губернія
174,294,36,Белостокский,Belostokskii,Гродненская губерния,Grodno governorate,Білостоцький повіт,Гродненська губернія
175,214,27,Кольненский,Kolnenskii,Ломжинская губерния,Łomża governorate,Кольненський повіт,Ломжинська губернія
176,213,27,Щучинский,Shchuchinskii,Ломжинская губерния,Łomża governorate,Щучинський повіт,Ломжинська губернія
177,295,36,Бельский,Belskii,Гродненская губерния,Grodno governorate,Бєльський повіт,Гродненська губернія
178,296,36,Соколский,Sokolskii,Гродненская губерния,Grodno governorate,Сокільський повіт,Гродненська губернія
179,297,36,Гродненский,Grodnenskii,Гродненская губерния,Grodno governorate,Гродненський повіт,Гродненська губернія
180,207,26,Лидский,Lidskii,Виленская губерния,Vilna governorate,Лідський повіт,Віленська губернія
181,298,36,Волковыский,Volkovyskii,Гродненская губерния,Grodno governorate,Волковиський повіт,Гродненська губернія
182,301,36,Пружанский,Pruzhanskii,Гродненская губерния,Grodno governorate,Пружанський повіт,Гродненська губернія
183,293,107,Влодавский,Vlodavskii,Седлецкая губерния,Siedlce governorate,Влодавський повіт,Седлецька губернія
184,302,36,Брестский,Brestskii,Гродненская губерния,Grodno governorate,Брестський повіт,Гродненська губернія
185,303,37,Новогрудский,Novogrudskii,Минская губерния,Minsk governorate,Новогрудський повіт,Мінська губернія
186,308,37,Пинский,Pinskii,Минская губерния,Minsk governorate,Пінський повіт,Мінська губернія
187,313,38,Владимир-Волынский,Vladimir-Volynskii,Волынская губерния,Volhynian governorate,Володимир-Волинський повіт,Волинська губернія
188,315,38,Дубенский,Dubenskii,Волынская губерния,Volhynian governorate,Дубенський повіт,Волинська губернія
189,310,37,Мозырский,Mozyrskii,Минская губерния,Minsk governorate,Мозирський повіт,Мінська губернія
190,318,38,Ровенский,Rovenskii,Волынская губерния,Volhynian governorate,Рівненський повіт,Волинська губернія
191,317,38,Староконстантиновский,Starokonstantinovskii,Волынская губерния,Volhynian governorate,Старокостянтинівський повіт,Волинська губернія
192,321,38,Новоградволынский,Novogradvolynskii,Волынская губерния,Volhynian governorate,Новоградволинський повіт,Волинська губернія
193,319,38,Острожский,Ostrozhskii,Волынская губерния,Volhynian governorate,Острозький повіт,Волинська губернія
194,322,38,Житомирский,Zhitomirskii,Волынская губерния,Volhynian governorate,Житомирський повіт,Волинська губернія
195,324,39,Проскуровский,Proskurovskii,Подольская губерния,Podolsk governorate,Проскурівський повіт,Подільська губернія
196,328,39,Винницкий,Vinnitskii,Подольская губерния,Podolsk governorate,Вінницький повіт,Подільська губернія
197,327,39,Литинский,Litinskii,Подольская губерния,Podolsk governorate,Літинський повіт,Подільська губернія
198,331,39,Могилевский,Mogilevskii,Подольская губерния,Podolsk governorate,Могилевський повіт,Подільська губернія
199,326,39,Летичевский,Letichevskii,Подольская губерния,Podolsk governorate,Летичівський повіт,Подільська губернія
200,329,39,Брацлавский,Bratslavskii,Подольская губерния,Podolsk governorate,Брацлавський повіт,Подільська губернія
201,339,40,Липовецкий,Lipovetskii,Киевская губерния,Kiev governorate,Липовецький повіт,Київська губернія
202,337,40,Бердичевский,Berdichevskii,Киевская губерния,Kiev governorate,Бердичевський повіт,Київська губернія
203,341,40,Таращанский,Tarashchanskii,Киевская губерния,Kiev governorate,Таращанський повіт,Київська губернія
204,342,40,Звенигородский,Zvenigorodskii,Киевская губерния,Kiev governorate,Звенигородський повіт,Київська губернія
205,348,41,Хотинский,Khotinskii,Бессарабская губерния,Bessarabia governorate,Хотинський повіт,Бессарабська губернія
206,349,41,Белецкий,Beletskii,Бессарабская губерния,Bessarabia governorate,Білецький повіт,Бессарабська губернія
207,335,39,Балтский,Baltskii,Подольская губерния,Podolsk governorate,Балтський повіт,Подільська губернія
208,350,41,Сорокский,Sorokskii,Бессарабская губерния,Bessarabia governorate,Сорокський повіт,Бессарабська губернія
209,351,41,Оргеевский,Orgeevskii,Бессарабская губерния,Bessarabia governorate,Оргеєвський повіт,Бессарабська губернія
210,352,41,Кишиневский,Kishinevskii,Бессарабская губерния,Bessarabia governorate,Кишинівський повіт,Бессарабська губернія
211,356,42,Тираспольский,Tiraspolskii,Херсонская губерния,Kherson governorate,Тираспольський повіт,Херсонська губернія
212,359,42,Херсонский,Khersonskii,Херсонская губерния,Kherson governorate,Херсонський повіт,Херсонська губернія
213,360,42,Александрийский,Aleksandriiskii,Херсонская губерния,Kherson governorate,Олександрійський повіт,Херсонська губернія
214,358,42,Одесский,Odesskii,Херсонская губерния,Kherson governorate,Одеський повіт,Херсонська губернія
215,361,42,Елисаветградский,Elisavetgradskii,Херсонская губерния,Kherson governorate,Єлисаветградський повіт,Херсонська губернія
216,363,43,Кременчугский,Kremenchugskii,Полтавская губерния,Poltava governorate,Кременчуцький повіт,Полтавська губернія
217,343,40,Чигиринский,Chigirinskii,Киевская губерния,Kiev governorate,Чигиринський повіт,Київська губернія
218,364,43,Кобелякский,Kobeliakskii,Полтавская губерния,Poltava governorate,Кобеляцький повіт,Полтавська губернія
219,365,43,Константиноградский,Konstantinogradskii,Полтавская губерния,Poltava governorate,Костянтиноградський повіт,Полтавська губернія
220,346,40,Каневский,Kanevskii,Киевская губерния,Kiev governorate,Каневський повіт,Київська губернія
221,366,43,Золотоношский,Zolotonoshskii,Полтавская губерния,Poltava governorate,Золотоніський повіт,Полтавська губернія
222,368,43,Хорольский,Khorolskii,Полтавская губерния,Poltava governorate,Хорольський повіт,Полтавська губернія
223,367,43,Лубенский,Lubenskii,Полтавская губерния,Poltava governorate,Лубенський повіт,Полтавська губернія
224,369,43,Пирятинский,Piriatinskii,Полтавская губерния,Poltava governorate,Пирятинський повіт,Полтавська губернія
225,362,43,Переяславский,Pereiaslavskii,Полтавская губерния,Poltava governorate,Переяславський повіт,Полтавська губернія
226,371,43,Лохвицкий,Lokhvitskii,Полтавская губерния,Poltava governorate,Лохвицький повіт,Полтавська губернія
227,373,43,Гадячский,Gadiachskii,Полтавская губерния,Poltava governorate,Гадяцький повіт,Полтавська губернія
228,374,43,Миргородский,Mirgorodskii,Полтавская губерния,Poltava governorate,Миргородський повіт,Полтавська губернія
229,375,43,Зеньковский,Zenkovskii,Полтавская губерния,Poltava governorate,Зіньківський повіт,Полтавська губернія
230,376,43,Полтавский,Poltavskii,Полтавская губерния,Poltava governorate,Полтавський повіт,Полтавська губернія
231,377,44,Остерский,Osterskii,Черниговская губерния,Chernigov governorate,Остерський повіт,Чернігівська губернія
232,311,37,Речицкий,Rechitskii,Минская губерния,Minsk governorate,Речицький повіт,Мінська губернія
233,370,43,Прилукский,Prilukskii,Полтавская губерния,Poltava governorate,Прилуцький повіт,Полтавська губернія
234,378,44,Козелецкий,Kozeletskii,Черниговская губерния,Chernigov governorate,Козелецький повіт,Чернігівська губернія
235,379,44,Нежинский,Nezhinskii,Черниговская губерния,Chernigov governorate,Ніжинський повіт,Чернігівська губернія
236,380,44,Борзнянский,Borznianskii,Черниговская губерния,Chernigov governorate,Борзнянський повіт,Чернігівська губернія
237,381,44,Конотопский,Konotopskii,Черниговская губерния,Chernigov governorate,Конотопський повіт,Чернігівська губернія
238,382,44,Черниговский,Chernigovskii,Черниговская губерния,Chernigov governorate,Чернігівський повіт,Чернігівська губернія
239,383,44,Городнянский,Gorodnianskii,Черниговская губерния,Chernigov governorate,Городнянський повіт,Чернігівська губернія
240,384,44,Сосницкий,Sosnitskii,Черниговская губерния,Chernigov governorate,Сосницький повіт,Чернігівська губернія
241,387,44,Новозыбковский,Novozybkovskii,Черниговская губерния,Chernigov governorate,Новозибківський повіт,Чернігівська губернія
242,388,44,Новгород-Северский,Novgorod-Severskii,Черниговская губерния,Chernigov governorate,Новгород-Сіверський повіт,Чернігівська губернія
243,389,44,Суражский,Surazhskii,Черниговская губерния,Chernigov governorate,Суражський повіт,Чернігівська губернія
244,391,44,Стародубский,Starodubskii,Черниговская губерния,Chernigov governorate,Стародубський повіт,Чернігівська губернія
245,392,45,Гомельский,Gomelskii,Могилевская губерния,Mogilev governorate,Гомельський повіт,Могилівська губернія
246,309,37,Бобруйский,Bobruiskii,Минская губерния,Minsk governorate,Бобруйский повіт,Мінська губернія
247,394,45,Быховский,Bykhovskii,Могилевская губерния,Mogilev governorate,Биховський повіт,Могилівська губернія
248,395,45,Чериковский,Cherikovskii,Могилевская губерния,Mogilev governorate,Черіківський повіт,Могилівська губернія
249,390,44,Мглинский,Mglinskii,Черниговская губерния,Chernigov governorate,Мглинський повіт,Чернігівська губернія
250,396,45,Климовичский,Klimovichskii,Могилевская губерния,Mogilev governorate,Климовичський повіт,Могилівська губернія
251,397,45,Мстиславский,Mstislavskii,Могилевская губерния,Mogilev governorate,Мстиславський повіт,Могилівська губернія
252,399,45,Чаусский,Chausskii,Могилевская губерния,Mogilev governorate,Чауський повіт,Могилівська губернія
253,398,45,Могилевский,Mogilevskii,Могилевская губерния,Mogilev governorate,Могилевський повіт,Могилівська губернія
254,185,23,Полоцкий,Polotskii,Витебская губерния,Vitebsk governorate,Полоцький повіт,Вітебська губернія
255,400,45,Сенненский,Sennenskii,Могилевская губерния,Mogilev governorate,Сенненський повіт,Могилівська губернія
256,401,45,Оршанский,Orshanskii,Могилевская губерния,Mogilev governorate,Оршанський повіт,Могилівська губернія
257,403,46,Рославский,Roslavskii,Смоленская губерния,Smolensk governorate,Рославський повіт,Смоленська губернія
258,404,46,Краснинский,Krasninskii,Смоленская губерния,Smolensk governorate,Краснінський повіт,Смоленська губернія
259,402,45,Горецкий,Goretskii,Могилевская губерния,Mogilev governorate,Горецький повіт,Могилівська губернія
260,407,46,Дорогобужский,Dorogobuzhskii,Смоленская губерния,Smolensk governorate,Дорогобузький повіт,Смоленська губернія
261,409,46,Смоленский,Smolenskii,Смоленская губерния,Smolensk governorate,Смоленський повіт,Смоленська губернія
262,405,46,Гжатский,Gzhatskii,Смоленская губерния,Smolensk governorate,Гжацький повіт,Смоленська губернія
263,410,46,Вяземский,Viazemskii,Смоленская губерния,Smolensk governorate,Вяземський повіт,Смоленська губернія
264,413,46,Поречский,Porechskii,Смоленская губерния,Smolensk governorate,Поречський повіт,Смоленська губернія
265,91,13,Зубцовский,Zubtsovskii,Тверская губерния,Tver governorate,Зубцовський повіт,Тверська губернія
266,414,46,Бельский,Belskii,Смоленская губерния,Smolensk governorate,Бєльський повіт,Смоленська губернія
267,415,47,Медынский,Medynskii,Калужская губерния,Kaluga governorate,Мединський повіт,Калузька губернія
268,416,47,Боровский,Borovskii,Калужская губерния,Kaluga governorate,Боровський повіт,Калузька губернія
269,418,47,Тарусский,Tarusskii,Калужская губерния,Kaluga governorate,Таруський повіт,Калузька губернія
270,419,47,Калужский,Kaluzhskii,Калужская губерния,Kaluga governorate,Калузький повіт,Калузька губернія
271,421,47,Перемышльский,Peremyshlskii,Калужская губерния,Kaluga governorate,Перемишльський повіт,Калузька губернія
272,422,47,Козельский,Kozelskii,Калужская губерния,Kaluga governorate,Козельський повіт,Калузька губернія
273,423,47,Мещонский,Meshchonskii,Калужская губерния,Kaluga governorate,Мещонський повіт,Калузька губернія
274,424,47,Мосальский,Mosalskii,Калужская губерния,Kaluga governorate,Мосальський повіт,Калузька губернія
275,425,47,Жиздринский,Zhizdrinskii,Калужская губерния,Kaluga governorate,Жиздринський повіт,Калузька губернія
276,408,46,Ельнинский,Elninskii,Смоленская губерния,Smolensk governorate,Єльнінський повіт,Смоленська губернія
277,89,13,Тверской,Tverskoi,Тверская губерния,Tver governorate,Тверський повіт,Тверська губернія
278,426,48,Волоколамский,Volokolamskii,Московская губерния,Moscow governorate,Волоколамський повіт,Московська губернія
279,427,48,Можайский,Mozhaiskii,Московская губерния,Moscow governorate,Можайський повіт,Московська губернія
280,428,48,Клинский,Klinskii,Московская губерния,Moscow governorate,Клінський повіт,Московська губернія
281,429,48,Рузский,Ruzskii,Московская губерния,Moscow governorate,Рузький повіт,Московська губернія
282,430,48,Верейский,Vereiskii,Московская губерния,Moscow governorate,Верейський повіт,Московська губернія
283,431,48,Серпуховский,Serpukhovskii,Московская губерния,Moscow governorate,Серпухівський повіт,Московська губернія
284,138,17,Александровский,Aleksandrovskii,Владимирская губерния,Vladimir governorate,Олександрівський повіт,Володимирська губернія
285,434,48,Богородский,Bogorodskii,Московская губерния,Moscow governorate,Богородський повіт,Московська губернія
286,88,13,Корчевский,Korchevskii,Тверская губерния,Tver governorate,Корчевський повіт,Тверська губернія
287,435,48,Дмитровский,Dmitrovskii,Московская губерния,Moscow governorate,Дмитровський повіт,Московська губернія
288,436,48,Звенигородский,Zvenigorodskii,Московская губерния,Moscow governorate,Звенигородський повіт,Московська губернія
289,437,48,Московский,Moskovskii,Московская губерния,Moscow governorate,Московський повіт,Московська губернія
290,432,48,Коломенский,Kolomenskii,Московская губерния,Moscow governorate,Коломенський повіт,Московська губернія
291,438,48,Подольский,Podolskii,Московская губерния,Moscow governorate,Подільський повіт,Московська губернія
292,439,49,Каширский,Kashirskii,Тульская губерния,Tula governorate,Каширський повіт,Тульська губернія
293,440,49,Алексинский,Aleksinskii,Тульская губерния,Tula governorate,Олексинський повіт,Тульська губернія
294,444,49,Епифанский,Epifanskii,Тульская губерния,Tula governorate,Єпіфанський повіт,Тульська губернія
295,445,49,Ефремовский,Efremovskii,Тульская губерния,Tula governorate,Єфремовський повіт,Тульська губернія
296,442,49,Одоевский,Odoevskii,Тульская губерния,Tula governorate,Одоєвський повіт,Тульська губернія
297,447,49,Чернский,Chernskii,Тульская губерния,Tula governorate,Чорний повіт,Тульська губернія
298,448,49,Тульский,Tulskii,Тульская губерния,Tula governorate,Тульський повіт,Тульська губернія
299,449,49,Крапивенский,Krapivenskii,Тульская губерния,Tula governorate,Крапивенський повіт,Тульська губернія
300,450,49,Богородицкий,Bogoroditskii,Тульская губерния,Tula governorate,Богородицький повіт,Тульська губернія
301,452,50,Трубчевский,Trubchevskii,Орловская губерния,Orel governorate,Трубчевський повіт,Орловська губернія
302,454,50,Карачевский,Karachevskii,Орловская губерния,Orel governorate,Карачевський повіт,Орловська губернія
303,455,50,Болховский,Bolkhovskii,Орловская губерния,Orel governorate,Болхівський повіт,Орловська губернія
304,456,50,Мценский,Mtsenskii,Орловская губерния,Orel governorate,Мценський повіт,Орловська губернія
305,459,50,Кромский,Kromskii,Орловская губерния,Orel governorate,Кромський повіт,Орловська губернія
306,460,50,Малоархангельский,Maloarkhangelskii,Орловская губерния,Orel governorate,Малоархангельський повіт,Орловська губернія
307,462,50,Ливенский,Livenskii,Орловская губерния,Orel governorate,Лівенський повіт,Орловська губернія
308,385,44,Кролевецкий,Krolevetskii,Черниговская губерния,Chernigov governorate,Кролевецький повіт,Чернігівська губернія
309,464,51,Путивльский,Putivlskii,Курская губерния,Kursk governorate,Путивльський повіт,Курська губернія
310,465,51,Рыльский,Rylskii,Курская губерния,Kursk governorate,Рильський повіт,Курська губернія
311,467,51,Суджанский,Sudzhanskii,Курская губерния,Kursk governorate,Суджанський повіт,Курська губернія
312,466,51,Льговский,Lgovskii,Курская губерния,Kursk governorate,Льговський повіт,Курська губернія
313,468,51,Фатежский,Fatezhskii,Курская губерния,Kursk governorate,Фатезький повіт,Курська губернія
314,458,50,Дмитровский,Dmitrovskii,Орловская губерния,Orel governorate,Дмитровський повіт,Орловська губернія
315,457,50,Орловский,Orlovskii,Орловская губерния,Orel governorate,Орловський повіт,Орловська губернія
316,469,51,Щигровский,Shchigrovskii,Курская губерния,Kursk governorate,Щигровський повіт,Курська губернія
317,472,51,Корочанский,Korochanskii,Курская губерния,Kursk governorate,Корочанський повіт,Курська губернія
318,475,51,Тимский,Timskii,Курская губерния,Kursk governorate,Тимський повіт,Курська губернія
319,476,51,Обоянский,Oboianskii,Курская губерния,Kursk governorate,Обоянський повіт,Курська губернія
320,477,51,Курский,Kurskii,Курская губерния,Kursk governorate,Курський повіт,Курська губернія
321,479,52,Лебединский,Lebedinskii,Харьковская губерния,Kharkov governorate,Лебединський повіт,Харківська губернія
322,372,43,Роменский,Romenskii,Полтавская губерния,Poltava governorate,Роменський повіт,Полтавська губернія
323,480,52,Ахтырский,Akhtyrskii,Харьковская губерния,Kharkov governorate,Охтирський повіт,Харківська губернія
324,481,52,Богодуховский,Bogodukhovskii,Харьковская губерния,Kharkov governorate,Богодухівський повіт,Харківська губернія
325,482,52,Валковский,Valkovskii,Харьковская губерния,Kharkov governorate,Валковський повіт,Харківська губернія
326,483,52,Харьковский,Kharkovskii,Харьковская губерния,Kharkov governorate,Харківський повіт,Харківська губернія
327,470,51,Грайворонский,Graivoronskii,Курская губерния,Kursk governorate,Грайворонський повіт,Курська губернія
328,485,52,Волчанский,Volchanskii,Харьковская губерния,Kharkov governorate,Вовчанський повіт,Харківська губернія
329,471,51,Белгородский,Belgorodskii,Курская губерния,Kursk governorate,Білгородський повіт,Курська губернія
330,487,52,Старобельский,Starobelskii,Харьковская губерния,Kharkov governorate,Старобільський повіт,Харківська губернія
331,488,52,Изюмский,Iziumskii,Харьковская губерния,Kharkov governorate,Ізюмський повіт,Харківська губернія
332,489,53,Мелитопольский,Melitopolskii,Таврическая губерния,Taurida governorate,Мелітопольський повіт,Таврійська губернія
333,491,53,Перекопский,Perekopskii,Таврическая губерния,Taurida governorate,Перекопський повіт,Таврійська губернія
334,493,53,Севастопольское,Sevastopolskoe,Таврическая губерния,Taurida governorate,Севастопольський повіт,Таврійська губернія
335,494,53,Ялтинский,Ialtinskii,Таврическая губерния,Taurida governorate,Ялтинський повіт,Таврійська губернія
336,495,53,Симферопольский,Simferopolskii,Таврическая губерния,Taurida governorate,Сімферопольський повіт,Таврійська губернія
337,496,53,Феодосийский,Feodosiiskii,Таврическая губерния,Taurida governorate,Феодосійський повіт,Таврійська губернія
338,497,53,Керчь-Еникальское,Kerch-Enikalskoe,Таврическая губерния,Taurida governorate,Керч-Єнікальський повіт,Таврійська губернія
339,498,54,Верхне-днепровский,Verkhne-Dneprovskii,Екатеринославская губерния,Ekaterinoslav governorate,Верхньодніпровський повіт,Катеринославська губернія
340,501,54,Павлоградский,Pavlogradskii,Екатеринославская губерния,Ekaterinoslav governorate,Павлоградський повіт,Катеринославська губернія
341,500,54,Екатеринославский,Ekaterinoslavskii,Екатеринославская губерния,Ekaterinoslav governorate,Катеринославський повіт,Катеринославська губернія
342,502,54,Александровский,Aleksandrovskii,Екатеринославская губерния,Ekaterinoslav governorate,Олександрівський повіт,Катеринославська губернія
343,503,54,Мариупольский,Mariupolskii,Екатеринославская губерния,Ekaterinoslav governorate,Маріупольський повіт,Катеринославська губернія
344,506,55,Данковский,Dankovskii,Рязанская губерния,Ryazan governorate,Данковський повіт,Рязанська губернія
345,507,55,Скопинский,Skopinskii,Рязанская губерния,Ryazan governorate,Скопинський повіт,Рязанська губернія
346,508,55,Михайловский,Mikhailovskii,Рязанская губерния,Ryazan governorate,Михайлівський повіт,Рязанська губернія
347,443,49,Веневский,Venevskii,Тульская губерния,Tula governorate,Веневський повіт,Тульська губернія
348,509,55,Зарайский,Zaraiskii,Рязанская губерния,Ryazan governorate,Зарайський повіт,Рязанська губернія
349,510,55,Егорьевский,Egorevskii,Рязанская губерния,Ryazan governorate,Єгор'євський повіт,Рязанська губернія
350,433,48,Бронницкий,Bronnitskii,Московская губерния,Moscow governorate,Бронницький повіт,Московська губернія
351,512,55,Рязанский,Riazanskii,Рязанская губерния,Ryazan governorate,Рязанський повіт,Рязанська губернія
352,515,55,Ряжский,Riazhskii,Рязанская губерния,Ryazan governorate,Рязький повіт,Рязанська губернія
353,520,56,Усманский,Usmanskii,Тамбовская губерния,Tambov governorate,Усманський повіт,Тамбовська губернія
354,521,56,Козловский,Kozlovskii,Тамбовская губерния,Tambov governorate,Козловський повіт,Тамбовська губернія
355,518,56,Лебедянский,Lebedianskii,Тамбовская губерния,Tambov governorate,Лебедянський повіт,Тамбовська губернія
356,522,56,Елатомский,Elatomskii,Тамбовская губерния,Tambov governorate,Єлатомський повіт,Тамбовська губернія
357,525,56,Спасский,Spasskii,Тамбовская губерния,Tambov governorate,Спаський повіт,Тамбовська губернія
358,526,56,Моршанский,Morshanskii,Тамбовская губерния,Tambov governorate,Моршанський повіт,Тамбовська губернія
359,531,57,Землянский,Zemlianskii,Воронежская губерния,Voronezh governorate,Землянський повіт,Воронезька губернія
360,473,51,Новооскольский,Novooskolskii,Курская губерния,Kursk governorate,Новооскольський повіт,Курська губернія
361,532,57,Нижнедевицкий,Nizhnedevitskii,Воронежская губерния,Voronezh governorate,Нижньодевицький повіт,Воронезька губернія
362,474,51,Старооскольский,Starooskolskii,Курская губерния,Kursk governorate,Старооскольський повіт,Курська губернія
363,533,57,Воронежский,Voronezhskii,Воронежская губерния,Voronezh governorate,Воронезький повіт,Воронезька губернія
364,530,57,Задонский,Zadonskii,Воронежская губерния,Voronezh governorate,Задонський повіт,Воронезька губернія
365,528,56,Борисоглебский,Borisoglebskii,Тамбовская губерния,Tambov governorate,Борисоглібський повіт,Тамбовська губернія
366,535,57,Бобровский,Bobrovskii,Воронежская губерния,Voronezh governorate,Бобровський повіт,Воронезька губернія
367,536,57,Новохоперский,Novokhoperskii,Воронежская губерния,Voronezh governorate,Новохоперський повіт,Воронезька губернія
368,538,57,Богучарский,Bogucharskii,Воронежская губерния,Voronezh governorate,Богучарський повіт,Воронезька губернія
369,539,57,Валуйский,Valuiskii,Воронежская губерния,Voronezh governorate,Валуйський повіт,Воронезька губернія
370,540,57,Бирюченский,Biriuchenskii,Воронежская губерния,Voronezh governorate,Бірюченський повіт,Воронезька губернія
371,541,57,Острогожский,Ostrogozhskii,Воронежская губерния,Voronezh governorate,Острогозький повіт,Воронезька губернія
372,545,58,Донецкий,Donetskii,Земля войска Донского,Don Cossack host lands,Донецький повіт,Земля війська Донського
373,546,58,Таганрогский,Taganrogskii,Земля войска Донского,Don Cossack host lands,Таганрозький повіт,Земля війська Донського
374,548,59,Ейский,Eiskii,Кубанская область,Kuban region,Єйський повіт,Кубанська область
375,633,72,Медвеженский,Medvezhenskii,Ставропольская губерния,Stavropol governorate,Медвежанський повіт,Ставропольська губернія
376,549,58,Черкасский,Cherkasskii,Земля войска Донского,Don Cossack host lands,Черкаський повіт,Земля війська Донського
377,557,59,Лабинский,Labinskii,Кубанская область,Kuban region,Лабінський повіт,Кубанська область
378,554,59,Екатеринодарский,Ekaterinodarskii,Кубанская область,Kuban region,Катеринодарський повіт,Кубанська область
379,559,60,Новороссийский,Novorossiiskii,Черноморская губерния,Black Sea governorate,Новоросійський повіт,Чорноморська губернія
380,556,59,Майкопский,Maikopskii,Кубанская область,Kuban region,Майкопський повіт,Кубанська область
381,560,60,Туапсинский,Tuapsinskii,Черноморская губерния,Black Sea governorate,Туапсинський повіт,Чорноморська губернія
382,562,62,Сухумский,Sukhumskii,Кутаисская  губерния вкл. Сухумский округ,Kutaisi governorate incl. Sukhumi district,Сухумський повіт,Кутаїська губернія вкл. Сухумський округ
383,563,62,Зугдидский,Zugdidskii,Кутаисская  губерния вкл. Сухумский округ,Kutaisi governorate incl. Sukhumi district,Зугдідський повіт,Кутаїська губернія вкл. Сухумський округ
384,558,59,Баталпашинский,Batalpashinskii,Кубанская область,Kuban region,Баталпашинський повіт,Кубанська область
385,564,62,Лечхумский,Lechkhumskii,Кутаисская  губерния вкл. Сухумский округ,Kutaisi governorate incl. Sukhumi district,Лечхумський повіт,Кутаїська губернія вкл. Сухумський округ
386,567,62,Кутаисский,Kutaisskii,Кутаисская  губерния вкл. Сухумский округ,Kutaisi governorate incl. Sukhumi district,Кутаїський повіт,Кутаїська губернія вкл. Сухумський округ
387,568,62,Сенакский,Senakskii,Кутаисская  губерния вкл. Сухумский округ,Kutaisi governorate incl. Sukhumi district,Сенацький повіт,Кутаїська губернія вкл. Сухумський округ
388,569,62,Озургетский,Ozurgetskii,Кутаисская  губерния вкл. Сухумский округ,Kutaisi governorate incl. Sukhumi district,Озургетський повіт,Кутаїська губернія вкл. Сухумський округ
389,571,62,Артвинский,Artvinskii,Кутаисская  губерния вкл. Сухумский округ,Kutaisi governorate incl. Sukhumi district,Артвінський повіт,Кутаїська губернія вкл. Сухумський округ
390,572,64,Ольтинский,Oltinskii,Карская губерния,Kars governorate,Ольтинський повіт,Карська губернія
391,574,64,Карсский,Karsskii,Карская губерния,Kars governorate,Карський повіт,Карська губернія
392,575,64,Ардаганский,Ardaganskii,Карская губерния,Kars governorate,Ардаганський повіт,Карська губернія
393,573,64,Кагызманский,Kagyzmanskii,Карская губерния,Kars governorate,Кагизманський повіт,Карська губернія
394,577,65,Эчмиадзинский,Echmiadzinskii,Эриванская губерния,Erevan governorate,Ечміадзінський повіт,Еріванська губернія
395,578,65,Александропольский,Aleksandropolskii,Эриванская губерния,Erevan governorate,Олександропільський повіт,Еріванська губернія
396,579,65,Эриванский,Erivanskii,Эриванская губерния,Erevan governorate,Еріванський повіт,Еріванська губернія
397,576,65,Сурмалинский,Surmalinskii,Эриванская губерния,Erevan governorate,Сурмалінський повіт,Еріванська губернія
398,580,65,Шаруро-Даралагезский,Sharuro-Daralagezskii,Эриванская губерния,Erevan governorate,Шаруро-Даралагезький повіт,Еріванська губернія
399,582,65,Новобаязетский,Novobaiazetskii,Эриванская губерния,Erevan governorate,Новобаязецький повіт,Еріванська губернія
400,587,66,Казахский,Kazakhskii,Елисаветпольская губерния,Elisabethpol governorate,Казахський повіт,Єлисаветпільська губернія
401,588,66,Елисаветпольский,Elisavetpolskii,Елисаветпольская губерния,Elisabethpol governorate,Єлисаветпільський повіт,Єлисаветпільська губернія
402,589,66,Арешский,Areshskii,Елисаветпольская губерния,Elisabethpol governorate,Арешський повіт,Єлисаветпільська губернія
403,583,66,Зангезурский,Zangezurskii,Елисаветпольская губерния,Elisabethpol governorate,Зангезурський повіт,Єлисаветпільська губернія
404,592,67,Джеватский,Dzhevatskii,Бакинская губерния,Baku governorate,Джеватський повіт,Бакинська губернія
405,593,67,Бакинский,Bakinskii,Бакинская губерния,Baku governorate,Бакинський повіт,Бакинська губернія
406,586,66,Джеванширский,Dzhevanshirskii,Елисаветпольская губерния,Elisabethpol governorate,Джеванширський повіт,Єлисаветпільська губернія
407,594,67,Геокчайский,Geokchaiskii,Бакинская губерния,Baku governorate,Геокчайський повіт,Бакинська губернія
408,590,66,Нухинский,Nukhinskii,Елисаветпольская губерния,Elisabethpol governorate,Нухінський повіт,Єлисаветпільська губернія
409,596,67,Кубинский,Kubinskii,Бакинская губерния,Baku governorate,Кубинський повіт,Бакинська губернія
410,597,70,Закатальский,Zakatalskii,Тифлисская губерния вкл. Закатальский округ,Tiflis governorate incl. Zakatalskii district,Закатальський повіт,Тифліська губернія вкл. Закатальський округ
411,598,69,Самурский,Samurskii,Дагестанская область,Dagestan region,Самурський повіт,Дагестанська область
412,600,69,Кайтаго-Табасаранский,Kaitago-Tabasaranskii,Дагестанская область,Dagestan region,Кайтаго-Табасаранський повіт,Дагестанська область
413,601,69,Темир-Хан-Шуринский,Temir-Khan-Shurinskii,Дагестанская область,Dagestan region,Темір-Хан-Шурінський повіт,Дагестанська область
414,603,69,Казикумухский,Kazikumukhskii,Дагестанская область,Dagestan region,Казікумухський повіт,Дагестанська область
415,605,69,Гунибский,Gunibskii,Дагестанская область,Dagestan region,Гунібський повіт,Дагестанська область
416,604,69,Аварский,Avarskii,Дагестанская область,Dagestan region,Аварський повіт,Дагестанська область
417,606,69,Андийский,Andiiskii,Дагестанская область,Dagestan region,Андійський повіт,Дагестанська область
418,608,70,Телавский,Telavskii,Тифлисская губерния вкл. Закатальский округ,Tiflis governorate incl. Zakatalskii district,Телавський повіт,Тифліська губернія вкл. Закатальський округ
419,607,70,Сигнахский,Signakhskii,Тифлисская губерния вкл. Закатальский округ,Tiflis governorate incl. Zakatalskii district,Сігнахський повіт,Тифліська губернія вкл. Закатальський округ
420,610,70,Тифлисский,Tiflisskii,Тифлисская губерния вкл. Закатальский округ,Tiflis governorate incl. Zakatalskii district,Тифліський повіт,Тифліська губернія вкл. Закатальський округ
421,609,70,Тионетский,Tionetskii,Тифлисская губерния вкл. Закатальский округ,Tiflis governorate incl. Zakatalskii district,Тіонецький повіт,Тифліська губернія вкл. Закатальський округ
422,566,62,Шорапанский,Shorapanskii,Кутаисская  губерния вкл. Сухумский округ,Kutaisi governorate incl. Sukhumi district,Шорапанський повіт,Кутаїська губернія вкл. Сухумський округ
423,611,70,Ахалцихский,Akhaltsikhskii,Тифлисская губерния вкл. Закатальский округ,Tiflis governorate incl. Zakatalskii district,Ахалціхський повіт,Тифліська губернія вкл. Закатальський округ
424,612,70,Ахалкалакский,Akhalkalakskii,Тифлисская губерния вкл. Закатальский округ,Tiflis governorate incl. Zakatalskii district,Ахалкалацький повіт,Тифліська губернія вкл. Закатальський округ
425,614,70,Горийский,Goriiskii,Тифлисская губерния вкл. Закатальский округ,Tiflis governorate incl. Zakatalskii district,Горійський повіт,Тифліська губернія вкл. Закатальський округ
426,615,70,Душетский,Dushetskii,Тифлисская губерния вкл. Закатальский округ,Tiflis governorate incl. Zakatalskii district,Душецький повіт,Тифліська губернія вкл. Закатальський округ
427,616,71,Хасавюртовский,Khasaviurtovskii,Терская область,Terek region,Хасавюртовський повіт,Терська область
428,565,62,Рачинский,Rachinskii,Кутаисская  губерния вкл. Сухумский округ,Kutaisi governorate incl. Sukhumi district,Рачинський повіт,Кутаїська губернія вкл. Сухумський округ
429,624,71,Нальчикский,Nalchikskii,Терская область,Terek region,Нальчикський повіт,Терська область
430,626,71,Владикавказский,Vladikavkazskii,Терская область,Terek region,Владикавказький повіт,Терська область
431,618,71,Караногайское приставство,Karanogaiskoe Pristavstvo,Терская область,Terek region,Караногайське приставство,Терська область
432,636,72,Трухменское,Trukhmenskoe,Ставропольская губерния,Stavropol governorate,Трухменський повіт,Ставропольська губернія
433,628,72,Ачикулакское,Achikulakskoe,Ставропольская губерния,Stavropol governorate,Ачикулакський повіт,Ставропольська губернія
434,637,73,Краснослободский,Krasnoslobodskii,Пензенская губерния,Penza governorate,Червонослобідський повіт,Пензенська губернія
435,638,73,Инсарский,Insarskii,Пензенская губерния,Penza governorate,Інсарський повіт,Пензенська губернія
436,640,73,Наровчатский,Narovchatskii,Пензенская губерния,Penza governorate,Нарівчатський повіт,Пензенська губернія
437,642,73,Мокшанский,Mokshanskii,Пензенская губерния,Penza governorate,Мокшанський повіт,Пензенська губернія
438,643,73,Керенский,Kerenskii,Пензенская губерния,Penza governorate,Керенський повіт,Пензенська губернія
439,644,73,Нижнеломовский,Nizhnelomovskii,Пензенская губерния,Penza governorate,Нижньоломовський повіт,Пензенська губернія
440,652,74,Горбатовский,Gorbatovskii,Нижегородская губерния,Nizhny Novgorod governorate,Горбатовський повіт,Нижегородська губернія
441,653,74,Ардатовский,Ardatovskii,Нижегородская губерния,Nizhny Novgorod governorate,Ардатовський повіт,Нижегородська губернія
442,128,17,Муромский,Muromskii,Владимирская губерния,Vladimir governorate,Муромський повіт,Володимирська губернія
443,654,74,Лукояновский,Lukoianovskii,Нижегородская губерния,Nizhny Novgorod governorate,Лукоянівський повіт,Нижегородська губернія
444,651,74,Сергачский,Sergachskii,Нижегородская губерния,Nizhny Novgorod governorate,Сергацький повіт,Нижегородська губернія
445,656,74,Арзамасский,Arzamasskii,Нижегородская губерния,Nizhny Novgorod governorate,Арзамаський повіт,Нижегородська губернія
446,649,74,Макарьевский,Makarevskii,Нижегородская губерния,Nizhny Novgorod governorate,Макаріївський повіт,Нижегородська губернія
447,657,74,Нижегородский,Nizhegorodskii,Нижегородская губерния,Nizhny Novgorod governorate,Нижегородський повіт,Нижегородська губернія
448,658,75,Козьмодемьянский,Kozmodemianskii,Казанская губерния,Kazan governorate,Козьмодем'янський повіт,Казанська губернія
449,660,75,Царевококшайский,Tsarevokokshaiskii,Казанская губерния,Kazan governorate,Царівококшайський повіт,Казанська губернія
450,667,75,Свияжский,Sviiazhskii,Казанская губерния,Kazan governorate,Свіязький повіт,Казанська губернія
451,661,75,Чебоксарский,Cheboksarskii,Казанская губерния,Kazan governorate,Чебоксарський повіт,Казанська губернія
452,195,24,Малмыжский,Malmyzhskii,Вятская губерния,Viatka governorate,Малмизький повіт,Вятська губернія
453,668,75,Казанский,Kazanskii,Казанская губерния,Kazan governorate,Казанський повіт,Казанська губернія
454,665,75,Чистопольский,Chistopolskii,Казанская губерния,Kazan governorate,Чистопольський повіт,Казанська губернія
455,669,75,Лаишевский,Laishevskii,Казанская губерния,Kazan governorate,Лаїшевський повіт,Казанська губернія
456,671,76,Ардатовский,Ardatovskii,Симбирская губерния,Simbirsk governorate,Ардатовський повіт,Симбірська губернія
457,659,75,Ядринский,Iadrinskii,Казанская губерния,Kazan governorate,Ядрінський повіт,Казанська губернія
458,672,76,Алатырский,Alatyrskii,Симбирская губерния,Simbirsk governorate,Алатирський повіт,Симбірська губернія
459,663,75,Тетюшский,Tetiushskii,Казанская губерния,Kazan governorate,Тетюський повіт,Казанська губернія
460,674,76,Симбирский,Simbirskii,Симбирская губерния,Simbirsk governorate,Симбірський повіт,Симбірська губернія
461,641,73,Городищенский,Gorodishchenskii,Пензенская губерния,Penza governorate,Городищенський повіт,Пензенська губернія
462,677,76,Сызранский,Syzranskii,Симбирская губерния,Simbirsk governorate,Сизранський повіт,Симбірська губернія
463,675,76,Корсунский,Korsunskii,Симбирская губерния,Simbirsk governorate,Корсунський повіт,Симбірська губернія
464,680,77,Вольский,Volskii,Саратовская губерния,Saratov governorate,Вольський повіт,Саратівська губернія
465,682,77,Петровский,Petrovskii,Саратовская губерния,Saratov governorate,Петровський повіт,Саратівська губернія
466,543,58,Усть-Медведковский,Ust-Medvedkovskii,Земля войска Донского,Don Cossack host lands,Усть-Медведківський повіт,Земля війська Донського
467,683,77,Царицынский,Tsaritsynskii,Саратовская губерния,Saratov governorate,Царицинський повіт,Саратівська губернія
468,527,56,Кирсановский,Kirsanovskii,Тамбовская губерния,Tambov governorate,Кірсановський повіт,Тамбовська губернія
469,686,77,Сердобский,Serdobskii,Саратовская губерния,Saratov governorate,Сердобський повіт,Саратівська губернія
470,646,73,Пензенский,Penzenskii,Пензенская губерния,Penza governorate,Пензенський повіт,Пензенська губернія
471,542,58,Хоперский,Khoperskii,Земля войска Донского,Don Cossack host lands,Хоперський повіт,Земля війська Донського
472,687,77,Балашовский,Balashovskii,Саратовская губерния,Saratov governorate,Балашовський повіт,Саратівська губернія
473,685,77,Еланский,Elanskii,Саратовская губерния,Saratov governorate,Єланський повіт,Саратівська губернія
474,688,77,Аткарский,Atkarskii,Саратовская губерния,Saratov governorate,Аткарський повіт,Саратівська губернія
475,679,77,Хвалынский,Khvalynskii,Саратовская губерния,Saratov governorate,Хвалинський повіт,Саратівська губернія
476,697,79,Самарский,Samarskii,Самарская губерния,Samara governorate,Самарський повіт,Самарська губернія
477,700,79,Бугурусланский,Buguruslanskii,Самарская губерния,Samara governorate,Бугурусланський повіт,Самарська губернія
478,694,79,Новоузенский,Novouzenskii,Самарская губерния,Samara governorate,Новоузенський повіт,Самарська губернія
479,705,81,Лбищенский,Lbishchenskii,Уральская область,Ural region,Лбищенський повіт,Уральська область
480,198,24,Сарапульский,Sarapulskii,Вятская губерния,Viatka governorate,Сарапульський повіт,Вятська губернія
481,708,82,Мензелинский,Menzelinskii,Уфимская губерния,Ufa governorate,Мензелінський повіт,Уфімська губернія
482,666,75,Мамадышский,Mamadyshskii,Казанская губерния,Kazan governorate,Мамадиський повіт,Казанська губернія
483,721,84,Ирбитский,Irbitskii,Пермская губерния,Perm governorate,Ірбітський повіт,Пермська губернія
484,730,84,Екатеринбургский,Ekaterinburgskii,Пермская губерния,Perm governorate,Єкатеринбурзький повіт,Пермська губернія
485,717,83,Троицкий,Troitskii,Оренбургская губерния,Orenburg governorate,Троїцький повіт,Оренбурзька губернія
486,723,84,Чердынский,Cherdynskii,Пермская губерния,Perm governorate,Чердинський повіт,Пермська губернія
487,731,85,Березовский,Berezovskii,Тобольская губерния,Tobolsk governorate,Березовський повіт,Тобольська губернія
488,739,85,Тюменский,Tiumenskii,Тобольская губерния,Tobolsk governorate,Тюменський повіт,Тобольська губернія
489,732,85,Сургутский,Surgutskii,Тобольская губерния,Tobolsk governorate,Сургутський повіт,Тобольська губернія
490,744,86,Енисейский,Eniseiskii,Енисейская губерния,Enisei governorate,Єнісейський повіт,Єнісейська губернія
491,745,86,Канский,Kanskii,Енисейская губерния,Enisei governorate,Канський повіт,Єнісейська губернія
492,748,86,Ачинский,Achinskii,Енисейская губерния,Enisei governorate,Ачинський повіт,Єнісейська губернія
493,751,87,Мариинский,Mariinskii,Томская губерния,Tomsk governorate,Маріїнський повіт,Томська губернія
494,750,87,Томский,Tomskii,Томская губерния,Tomsk governorate,Томський повіт,Томська губернія
495,753,87,Кузнецкий,Kuznetskii,Томская губерния,Tomsk governorate,Кузнецький повіт,Томська губернія
496,764,90,Акшинский,Akshinskii,Забайкальская область,Transbaikal region,Акшинський повіт,Забайкальська область
497,765,90,Троицкосавский,Troitskosavskii,Забайкальская область,Transbaikal region,Троїцькосавський повіт,Забайкальська область
498,769,90,Читинская,Chitinskaia,Забайкальская область,Transbaikal region,Читинський повіт,Забайкальська область
499,771,91,Киренский,Kirenskii,Иркутская губерния,Irkutsk governorate,Кіренський повіт,Іркутська губернія
500,774,91,Балаганский,Balaganskii,Иркутская губерния,Irkutsk governorate,Балаганський повіт,Іркутська губернія
501,707,81,Темирский,Temirskii,Уральская область,Ural region,Темирський повіт,Уральська область
502,810,101,Казалинский,Kazalinskii,Сырдарьинская область,Syr-Darya region,Казалинський повіт,Сирдар'їнська область
503,797,98,Акмолинский,Akmolinskii,Акмолинская область,Akmola region,Акмолінський повіт,Акмолінська область
504,813,101,Чимкентский,Chimkentskii,Сырдарьинская область,Syr-Darya region,Чимкентський повіт,Сирдар'їнська область
505,815,102,Мангышлакский,Mangyshlakskii,Закаспийская область,Transcaspian region,Мангишлацький повіт,Закаспійська область
506,822,104,Джизакский,Dzhizakskii,Самаркандская область,Samarkand region,Джизакський повіт,Самаркандська область
507,823,104,Катта-Курганский,Katta-Kurganskii,Самаркандская область,Samarkand region,Катта-Курганський повіт,Самаркандська область
508,827,106,Кокандский,Kokandskii,Ферганская область,Fergana region,Кокандський повіт,Ферганська область
509,828,106,Андижанский,Andizhanskii,Ферганская область,Fergana region,Андижанський повіт,Ферганська область
510,145,18,Псковский,Pskovskii,Псковская губерния,Pskov governorate,Псковський повіт,Псковська губернія
511,833,2,Лужский,Luzhskii,Санкт-Петербургская губерния,St. Petersburg governorate,Лузький повіт,Санкт-Петербурзька губернія
512,60,9,Либегицкий,Libelits,Куопиоская губерния,Kuopio governorate,Лібегицький повіт,Куопіоська губернія
513,68,10,Сердоболький,Sordavala,Выборгская губерния,Vyborg governorate,Жалюгідний повіт,Виборзька губернія
514,61,9,Иломантский,Ilomants,Куопиоская губерния,Kuopio governorate,Іломанський повіт,Куопіоська губернія
515,838,10,Кроноборгский,Kronoborg,Выборгская губерния,Vyborg governorate,Кроноборзький повіт,Виборзька губернія
516,56,8,Рантасальмиский,Rantasalmi,Санкт-Михельская губерния,Mikkeli governorate,Рантасальмісський повіт,Санкт-Михельська губернія
517,841,53,Днепровский,Dneprovskii,Таврическая губерния,Taurida governorate,Дніпровський повіт,Таврійська губернія
518,843,95,Корсаковский,Korsakovskii,Остров Сахалин,Sakhalin island,Корсаковський повіт,Острів Сахалін
519,842,95,Александровский,Aleksandrovskii,Остров Сахалин,Sakhalin island,Олександрівський повіт,Острів Сахалін
520,759,88,Уссурийская,Ussuriiskaia,Приморская область,Primorskaya region,Уссурійський повіт,Приморська область
521,760,88,Хабаровская,Khabarovskaia,Приморская область,Primorskaya region,Хабаровський повіт,Приморська область
522,762,89,Амурская,Amurskaia,Амурская область,Amur region,Амурський повіт,Амурська область
523,691,78,Черноярский,Chernoiarskii,Астраханская губерния,Astrakhan governorate,Чорноярський повіт,Астраханська губернія
524,845,78,Калмыцкая степь,Kalmytskaia Step,Астраханская губерния,Astrakhan governorate,Калмицький степ,Астраханська губернія
525,690,78,Енотаевский,Enotaevskii,Астраханская губерния,Astrakhan governorate,Єнотаєвський повіт,Астраханська губернія
526,552,58,Сальский,Salskii,Земля войска Донского,Don Cossack host lands,Сальський повіт,Земля війська Донського
527,804,100,Копальский,Kopalskii,Семиреченская область,Semirechye region,Копальський повіт,Семиріченська область
528,803,100,Лепсинский,Lepsinskii,Семиреченская область,Semirechye region,Лепсинський повіт,Семиріченська область
529,622,71,Пятигорский,Piatigorskii,Терская область,Terek region,П'ятигорський повіт,Терська область
530,619,71,Грозненский,Groznenskii,Терская область,Terek region,Грозненський повіт,Терська область
531,627,71,Сунженский,Sunzhenskii,Терская область,Terek region,Сунженський повіт,Терська область
532,550,72,Большедербетовское,Bolshederbetovskoe,Ставропольская губерния,Stavropol governorate,Більшедербетівський повіт,Ставропольська губернія
533,844,72,Новогригорьевский,Novogrigorevskii,Ставропольская губерния,Stavropol governorate,Новогригоріївський повіт,Ставропольська губернія
534,706,81,Гурьевский,Gurevskii,Уральская область,Ural region,Гуріївський повіт,Уральська область
535,693,78,Красноярский,Krasnoiarskii,Астраханская губерния,Astrakhan governorate,Красноярський повіт,Астраханська губернія
536,746,86,Минусинский,Minusinskii,Енисейская губерния,Enisei governorate,Мінусинський повіт,Єнісейська губернія
537,777,86,Ур-Янхайский край,Ur-Iankhaiskii Krai,Енисейская губерния,Enisei governorate,Ур-Янхайський край,Єнісейська губернія
538,1,1,Лапмарский,Kemin Lappi,Улеаборгская губерния,Oulu governorate,Лапмарський повіт,Улеаборгська губернія
539,24,12,Кольский,Kolskii,Архангельская губерния,Arkhangelsk governorate,Кольський повіт,Архангельська губернія
540,23,12,Кемский,Kemskii,Архангельская губерния,Arkhangelsk governorate,Кемський повіт,Архангельська губернія
541,29,4,Педерсёреский,Pedersöre,Вазаская губерния,Vaasa governorate,Педерсереський повіт,Вазаська губернія
542,32,4,Корсгольмский,Korscholm,Вазаская губерния,Vaasa governorate,Корсгольмський повіт,Вазаська губернія
543,41,5,Вирмоский,Wirmo,Або-Бьернеборгская губерния,Abo-Björneborg governorate,Вірмоський повіт,Або-Б'єрнеборгська губернія
544,49,7,Разеборгский уезд,Raseborgs-Härad,Нюландская губерния,Uusimaa governorate,Розеборгський повіт,Нюландська губернія
545,51,7,Гельсингсский,Helsinge,Нюландская губерния,Uusimaa governorate,Гельсінгський повіт,Нюландська губернія
546,58,9,Рауталампиский,Rautalampi-Härad,Куопиоская губерния,Kuopio governorate,Рауталампіський повіт,Куопіоська губернія
547,69,10,Салмисский,Salmis,Выборгская губерния,Vyborg governorate,Салмісський повіт,Виборзька губернія
548,76,12,Онежский,Onezhskii,Архангельская губерния,Arkhangelsk governorate,Онезький повіт,Архангельська губернія
549,77,12,Архангельская,Arkhangelskaia,Архангельская губерния,Arkhangelsk governorate,Архангельський повіт,Архангельська губернія
550,81,12,Мезенский,Mezenskii,Архангельская губерния,Arkhangelsk governorate,Мезенський повіт,Архангельська губернія
551,82,12,Печорский,Pechorskii,Архангельская губерния,Arkhangelsk governorate,Печорський повіт,Архангельська губернія
552,84,13,Вышневолоцкий,Vyshnevolotskii,Тверская губерния,Tver governorate,Вишневолоцький повіт,Тверська губернія
553,108,15,Яренский,Iarenskii,Вологодская губерния,Vologda governorate,Яренський повіт,Вологодська губернія
554,150,19,Гапсальский,Gapsalskii,Эстляндская губерния,Estonia governorate,Гапсальський повіт,Естляндська губернія
555,165,21,Виндавский,Vindavskii,Курляндская губерния,Kurland governorate,Віндавський повіт,Курляндська губернія
556,354,41,Измаильский,Izmailskii,Бессарабская губерния,Bessarabia governorate,Ізмаїльський повіт,Бессарабська губернія
557,355,41,Аккерманский,Akkermanskii,Бессарабская губерния,Bessarabia governorate,Акерманський повіт,Бессарабська губернія
558,490,53,Бердянский,Berdianskii,Таврическая губерния,Taurida governorate,Бердянський повіт,Таврійська губернія
559,492,53,Евпаторийский,Evpatoriiskii,Таврическая губерния,Taurida governorate,Євпаторійський повіт,Таврійська губернія
560,547,58,Ростовский,Rostovskii,Земля войска Донского,Don Cossack host lands,Ростовський повіт,Земля війська Донського
561,553,59,Темрюкский,Temriukskii,Кубанская область,Kuban region,Темрюцький повіт,Кубанська область
562,591,67,Ленкоранский,Lenkoranskii,Бакинская губерния,Baku governorate,Ленкоранський повіт,Бакинська губернія
563,599,69,Кюринский,Kiurinskii,Дагестанская область,Dagestan region,Кюрінський повіт,Дагестанська область
564,733,85,Туринский,Turinskii,Тобольская губерния,Tobolsk governorate,Туринський повіт,Тобольська губернія
565,734,85,Тарский,Tarskii,Тобольская губерния,Tobolsk governorate,Тарський повіт,Тобольська губернія
566,740,85,Тобольский,Tobolskii,Тобольская губерния,Tobolsk governorate,Тобольський повіт,Тобольська губернія
567,741,86,Дудинский участок,Dudinskii Uchastok,Енисейская губерния,Enisei governorate,Дудинська ділянка,Єнісейська губернія
568,742,86,Тазовский участок,Tazovskii Uchastok,Енисейская губерния,Enisei governorate,Тазовська ділянка,Єнісейська губернія
569,743,86,Верхне-Инбатский участок,Verkhne-Inbatskii Uchastok,Енисейская губерния,Enisei governorate,Верхньо-Інбатська ділянка,Єнісейська губернія
570,749,87,Каинский,Kainskii,Томская губерния,Tomsk governorate,Каїнський повіт,Томська губернія
571,752,87,Ново-Николаевский,Novo-Nikolaevskii,Томская губерния,Tomsk governorate,Ново-Миколаївський повіт,Томська губернія
572,754,87,Бийский,Biiskii,Томская губерния,Tomsk governorate,Бійський повіт,Томська губернія
573,763,90,Нерчинский-Заводский,Nerchinskii-Zavodskii,Забайкальская область,Transbaikal region,Нерчинський-Заводський повіт,Забайкальська область
574,768,90,Верхнеудинский,Verkhneudinskii,Забайкальская область,Transbaikal region,Верхньоудинський повіт,Забайкальська область
575,766,90,Селенгинский,Selenginskii,Забайкальская область,Transbaikal region,Селенгінський повіт,Забайкальська область
576,775,91,Иркутский,Irkutskii,Иркутская губерния,Irkutsk governorate,Іркутський повіт,Іркутська губернія
577,773,91,Нижнеудинский,Nizhneudinskii,Иркутская губерния,Irkutsk governorate,Нижньовдинський повіт,Іркутська губернія
578,776,86,Усинский пограничный округ,Usinskii Pogranichnyi Okrug,Енисейская губерния,Enisei governorate,Усинський прикордонний округ,Єнісейська губернія
579,785,96,Верхоянский,Verkhoianskii,Якутская область,Yakutsk region,Верхоянський повіт,Якутська область
580,786,96,Олёкминский,Olekminskii,Якутская область,Yakutsk region,Олекмінський повіт,Якутська область
581,787,96,Вилюйский,Viliuiskii,Якутская область,Yakutsk region,Вілюйський повіт,Якутська область
582,788,96,Якутский,Iakutskii,Якутская область,Yakutsk region,Якутський повіт,Якутська область
583,789,97,Актюбинский,Aktiubinskii,Тургайская область,Turgay region,Актюбінський повіт,Тургайська область
584,790,97,Иргизский,Irgizskii,Тургайская область,Turgay region,Іргизький повіт,Тургайська область
585,792,97,Тургайский,Turgaiskii,Тургайская область,Turgay region,Тургайський повіт,Тургайська область
586,795,98,Кокчетавский,Kokchetavskii,Акмолинская область,Akmola region,Кокчетавський повіт,Акмолінська область
587,796,98,Атбасарский,Atbasarskii,Акмолинская область,Akmola region,Атбасарський повіт,Акмолінська область
588,756,87,Барнаульский,Barnaulskii,Томская губерния,Tomsk governorate,Барнаульський повіт,Томська губернія
589,798,99,Павлодарский,Pavlodarskii,Семипалатинская область,Semipalatinsk region,Павлодарський повіт,Семипалатинська область
590,799,99,Каркаралинский,Karkaralinskii,Семипалатинская область,Semipalatinsk region,Каркаралінський повіт,Семипалатинська область
591,800,99,Семипалатинский,Semipalatinskii,Семипалатинская область,Semipalatinsk region,Семипалатинський повіт,Семипалатинська область
592,801,99,Усть-Каменогорский,Ust-Kamenogorskii,Семипалатинская область,Semipalatinsk region,Усть-Каменогорський повіт,Семипалатинська область
593,802,99,Зайсанский,Zaisanskii,Семипалатинская область,Semipalatinsk region,Зайсанський повіт,Семипалатинська область
594,812,101,Амударьинский отдел,Amudarinskii Otdel,Сырдарьинская область,Syr-Darya region,Амудар'їнський відділ,Сирдар'їнська область
595,816,102,Красноводский,Krasnovodskii,Закаспийская область,Transcaspian region,Красноводський повіт,Закаспійська область
596,817,102,Асхабадский,Askhabadskii,Закаспийская область,Transcaspian region,Асхабадський повіт,Закаспійська область
597,818,102,Тедженский,Tedzhenskii,Закаспийская область,Transcaspian region,Тедженський повіт,Закаспійська область
598,819,102,Мервский,Mervskii,Закаспийская область,Transcaspian region,Мервський повіт,Закаспійська область
599,824,104,Самаркандский,Samarkandskii,Самаркандская область,Samarkand region,Самаркандський повіт,Самаркандська область
600,825,105,Бухара,Bukhara,Бухара,Bukhara,Бухара,Бухара
601,830,106,Ошский,Oshskii,Ферганская область,Fergana region,Ошський повіт,Ферганська область
602,834,2,Ямбургский,Iamburgskii,Санкт-Петербургская губерния,St. Petersburg governorate,Ямбурзький повіт,Санкт-Петербурзька губернія
603,835,20,Эзельский,Ezelskii,Лифляндская губерния,Livonia governorate,Езельський повіт,Ліфляндська губернія
604,783,95,Тымовский,Tymovskii,Остров Сахалин,Sakhalin island,Тимовський повіт,Острів Сахалін
605,784,96,Колымский,Kolymskii,Якутская область,Yakutsk region,Колимський повіт,Якутська область
606,780,88,Петропавловская,Petropavlovskaia,Приморская область,Primorskaya region,Петропавлівський повіт,Приморська область
607,781,88,Анадырская,Anadyrskaia,Приморская область,Primorskaya region,Анадирський повіт,Приморська область
608,779,88,Гижигинская,Gizhiginskaia,Приморская область,Primorskaya region,Гіжигінський повіт,Приморська область
609,840,88,Командорская,Komandorskaia,Приморская область,Primorskaya region,Командорський повіт,Приморська область
610,778,88,Охотская,Okhotskaia,Приморская область,Primorskaya region,Охотський повіт,Приморська область
611,761,88,Удская,Udskaia,Приморская область,Primorskaya region,Удський повіт,Приморська область
612,758,88,Южно-Уссурийская,Iuzhno-Ussuriiskaia,Приморская область,Primorskaya region,Південно-Уссурійський повіт,Приморська область
613,689,78,Астраханский,Astrakhanskii,Астраханская губерния,Astrakhan governorate,Астраханський повіт,Астраханська губернія
614,805,100,Джаркентский,Dzharkentskii,Семиреченская область,Semirechye region,Джаркентський повіт,Семиріченська область
615,806,100,Верненский,Vernenskii,Семиреченская область,Semirechye region,Верненський повіт,Семиріченська область
616,807,100,Пишпекский,Pishpekskii,Семиреченская область,Semirechye region,Пішпекський повіт,Семиріченська область
617,808,100,Пржевальский,Przhevalskii,Семиреченская область,Semirechye region,Пржевальський повіт,Семиріченська область
618,617,71,Кизлярский,Kizliarskii,Терская область,Terek region,Кізлярський повіт,Терська область
619,26,9,Пиелисьярвиский,Pielisjärvi,Куопиоская губерния,Kuopio governorate,Пієліярвіський повіт,Куопіоська губернія
620,7,2,Царскосельский,Tsarskoselskii,Санкт-Петербургская губерния,St. Petersburg governorate,Царськосільський повіт,Санкт-Петербурзька губернія
621,152,20,Верроский,Verroskii,Лифляндская губерния,Livonia governorate,Вероський повіт,Ліфляндська губернія
622,11,2,Новоладожский,Novoladozhskii,Санкт-Петербургская губерния,St. Petersburg governorate,Новоладозький повіт,Санкт-Петербурзька губернія
623,14,3,Белозерский,Belozerskii,Новгородская губерния,Novgorod governorate,Білозерський повіт,Новгородська губернія
624,15,3,Кирилловский,Kirillovskii,Новгородская губерния,Novgorod governorate,Кириловський повіт,Новгородська губернія
625,16,3,Череповецкий,Cherepovetskii,Новгородская губерния,Novgorod governorate,Череповецький повіт,Новгородська губернія
626,17,3,Устюженский,Ustiuzhenskii,Новгородская губерния,Novgorod governorate,Устюженський повіт,Новгородська губернія
627,19,3,Крестецкий,Krestetskii,Новгородская губерния,Novgorod governorate,Крестецький повіт,Новгородська губернія
628,20,3,Валдайский,Valdaiskii,Новгородская губерния,Novgorod governorate,Валдайський повіт,Новгородська губернія
629,21,3,Демянский,Demianskii,Новгородская губерния,Novgorod governorate,Дем'янський повіт,Новгородська губернія
630,22,3,Старорусский,Starorusskii,Новгородская губерния,Novgorod governorate,Староросійський повіт,Новгородська губернія
631,25,11,Повенецкий,Povenetskii,Олонецкая губерния,Olonets governorate,Повенецький повіт,Олонецька губернія
632,74,11,Петрозаводский,Petrozavodskii,Олонецкая губерния,Olonets governorate,Петрозаводський повіт,Олонецька губернія
633,28,1,Салоский,Salo,Улеаборгская губерния,Oulu governorate,Салоський повіт,Улеаборгська губернія
634,43,6,Руовесиский,Ruovesi,Тавастгусская губерния,Häme governorate,Руовесиський повіт,Тавастгуська губернія
635,31,4,Лаппоский,Lapua,Вазаская губерния,Vaasa governorate,Лапоський повіт,Вазаська губернія
636,36,5,Тюрвисский,Tyrvis,Або-Бьернеборгская губерния,Abo-Björneborg governorate,Тюрвіський повіт,Або-Б'єрнеборгська губернія
637,37,5,Лоймииокский,Lolmijoki,Або-Бьернеборгская губерния,Abo-Björneborg governorate,Лойміїокський повіт,Або-Б'єрнеборгська губернія
638,47,6,Голлолаский,Hollola,Тавастгусская губерния,Häme governorate,Гололасський повіт,Тавастгуська губернія
639,52,7,Перноский,Pernå,Нюландская губерния,Uusimaa governorate,Перноський повіт,Нюландська губернія
640,54,8,С.-Михельский,St. Michels,Санкт-Михельская губерния,Mikkeli governorate,С.-Міхельський повіт,Санкт-Михельська губернія
641,55,8,Иоккасский,Iockas,Санкт-Михельская губерния,Mikkeli governorate,Іоккаський повіт,Санкт-Михельська губернія
642,57,9,Инсальмиский,Idensalmi,Куопиоская губерния,Kuopio governorate,Інсальмісський повіт,Куопіоська губернія
643,70,11,Олонецкий,Olonetskii,Олонецкая губерния,Olonets governorate,Олонецький повіт,Олонецька губернія
644,71,11,Лодейнопольский,Lodeinopolskii,Олонецкая губерния,Olonets governorate,Лодейнопільський повіт,Олонецька губернія
645,72,11,Вытегорский,Vytegorskii,Олонецкая губерния,Olonets governorate,Витігорський повіт,Олонецька губернія
646,73,11,Пудожский,Pudozhskii,Олонецкая губерния,Olonets governorate,Пудозький повіт,Олонецька губернія
647,75,11,Каргопольский,Kargopolskii,Олонецкая губерния,Olonets governorate,Каргопільський повіт,Олонецька губернія
648,78,12,Холмогорский,Kholmogorskii,Архангельская губерния,Arkhangelsk governorate,Холмогорський повіт,Архангельська губернія
649,79,12,Шенкурский,Shenkurskii,Архангельская губерния,Arkhangelsk governorate,Шенкурський повіт,Архангельська губернія
650,80,12,Пинежский,Pinezhskii,Архангельская губерния,Arkhangelsk governorate,Пінезький повіт,Архангельська губернія
651,92,13,Ржевский,Rzhevskii,Тверская губерния,Tver governorate,Ржевський повіт,Тверська губернія
652,104,14,Романово-Борисоглебский,Romanovo-Borisoglebskii,Ярославская губерния,Yaroslavl governorate,Романово-Борисоглібський повіт,Ярославська губернія
653,103,14,Рыбинский,Rybinskii,Ярославская губерния,Yaroslavl governorate,Рибинський повіт,Ярославська губернія
654,105,15,Вологодский,Vologodskii,Вологодская губерния,Vologda governorate,Вологодський повіт,Вологодська губернія
655,106,15,Вельский,Velskii,Вологодская губерния,Vologda governorate,Вельський повіт,Вологодська губернія
656,110,15,Тотемский,Totemskii,Вологодская губерния,Vologda governorate,Тотемський повіт,Вологодська губернія
657,114,16,Солигаличский,Soligalichskii,Костромская губерния,Kostroma governorate,Солігалицький повіт,Костромська губернія
658,189,24,Котельнический,Kotelnicheskii,Вятская губерния,Viatka governorate,Котельницький повіт,Вятська губернія
659,117,16,Ветлужский,Vetluzhskii,Костромская губерния,Kostroma governorate,Ветлузький повіт,Костромська губернія
660,115,16,Чухломский,Chukhlomskii,Костромская губерния,Kostroma governorate,Чухломський повіт,Костромська губернія
661,648,74,Семеновский,Semenovskii,Нижегородская губерния,Nizhny Novgorod governorate,Семенівський повіт,Нижегородська губернія
662,119,16,Макарьевский,Makarevskii,Костромская губерния,Kostroma governorate,Макаріївський повіт,Костромська губернія
663,120,16,Буйский,Buiskii,Костромская губерния,Kostroma governorate,Буйський повіт,Костромська губернія
664,123,16,Кинешемский,Kineshemskii,Костромская губерния,Kostroma governorate,Кінешемський повіт,Костромська губернія
665,129,17,Меленковский,Melenkovskii,Владимирская губерния,Vladimir governorate,Меленківський повіт,Володимирська губернія
666,130,17,Ковровский,Kovrovskii,Владимирская губерния,Vladimir governorate,Коврівський повіт,Володимирська губернія
667,136,17,Покровский,Pokrovskii,Владимирская губерния,Vladimir governorate,Покровський повіт,Володимирська губернія
668,142,18,Новоржевский,Novorzhevskii,Псковская губерния,Pskov governorate,Новоржевський повіт,Псковська губернія
669,169,22,Новоалександровский,Novoaleksandrovskii,Ковенская губерния,Kovno governorate,Новоолександрівський повіт,Ковенська губернія
670,161,21,Бауский,Bauskii,Курляндская губерния,Kurland governorate,Бауський повіт,Курляндська губернія
671,162,21,Добленский,Doblenskii,Курляндская губерния,Kurland governorate,Добленський повіт,Курляндська губернія
672,164,21,Тальсенский,Talsenskii,Курляндская губерния,Kurland governorate,Тальсенський повіт,Курляндська губернія
673,168,21,Гробинский,Grobinskii,Курляндская губерния,Kurland governorate,Гробинський повіт,Курляндська губернія
674,172,22,Россиенский,Rossienskii,Ковенская губерния,Kovno governorate,Російський повіт,Ковенська губернія
675,174,22,Шавельский,Shavelskii,Ковенская губерния,Kovno governorate,Шавельський повіт,Ковенська губернія
676,178,23,Режицкий,Rezhitskii,Витебская губерния,Vitebsk governorate,Режицький повіт,Вітебська губернія
677,181,23,Себежский,Sebezhskii,Витебская губерния,Vitebsk governorate,Себізький повіт,Вітебська губернія
678,184,23,Городокский,Gorodokskii,Витебская губерния,Vitebsk governorate,Городоцький повіт,Вітебська губернія
679,187,23,Лепельский,Lepelskii,Витебская губерния,Vitebsk governorate,Лепельський повіт,Вітебська губернія
680,191,24,Орловский,Orlovskii,Вятская губерния,Viatka governorate,Орловський повіт,Вятська губернія
681,194,24,Слободский,Slobodskii,Вятская губерния,Viatka governorate,Слобідський повіт,Вятська губернія
682,196,24,Елабужский,Elabuzhskii,Вятская губерния,Viatka governorate,Єлабузький повіт,Вятська губернія
683,205,25,Сейнский,Seinskii,Сувалкская губерния,Suwałki governorate,Сейнський повіт,Сувалкська губернія
684,208,26,Ошмянский,Oshmianskii,Виленская губерния,Vilna governorate,Ошмянський повіт,Віленська губернія
685,209,26,Вилейский,Vileiskii,Виленская губерния,Vilna governorate,Вілейський повіт,Віленська губернія
686,305,37,Борисовский,Borisovskii,Минская губерния,Minsk governorate,Борисівський повіт,Мінська губернія
687,211,26,Виленский,Vilenskii,Виленская губерния,Vilna governorate,Віленський повіт,Віленська губернія
688,212,26,Свенцянский,Sventsianskii,Виленская губерния,Vilna governorate,Вінцянський повіт,Віленська губернія
689,219,27,Мазовецкий,Mazovetskii,Ломжинская губерния,Łomża governorate,Мазовецький повіт,Ломжинська губернія
690,222,28,Праснышский,Prasnyshskii,Плоцкая губерния,Płock governorate,Праснишський повіт,Плоцька губернія
691,224,28,Млавский,Mlavskii,Плоцкая губерния,Płock governorate,Млавський повіт,Плоцька губернія
692,229,29,Нешавский,Neshavskii,Варшавская губерния,Warsaw governorate,Нешавський повіт,Варшавська губернія
693,254,31,Лаский,Laskii,Петроковская губерния,Piotrków governorate,Ласкавий повіт,Петроківська губернія
694,264,32,Меховской,Mekhovskoi,Келецкая губерния,Kielce governorate,Меховській повіт,Келецька губернія
695,268,33,Радомский,Radomskii,Радомская губерния,Radom governorate,Радомський повіт,Радомська губернія
696,280,107,Соколовский,Sokolovskii,Седлецкая губерния,Siedlce governorate,Соколовський повіт,Седлецька губернія
697,291,107,Бельский,Belskii,Седлецкая губерния,Siedlce governorate,Бєльський повіт,Седлецька губернія
698,299,36,Слонимский,Slonimskii,Гродненская губерния,Grodno governorate,Слонімський повіт,Гродненська губернія
699,300,36,Кобринский,Kobrinskii,Гродненская губерния,Grodno governorate,Кобринський повіт,Гродненська губернія
700,304,37,Минский,Minskii,Минская губерния,Minsk governorate,Мінський повіт,Мінська губернія
701,306,37,Игуменский,Igumenskii,Минская губерния,Minsk governorate,Ігуменський повіт,Мінська губернія
702,307,37,Слуцкий,Slutskii,Минская губерния,Minsk governorate,Слуцький повіт,Мінська губернія
703,323,38,Овручский,Ovruchskii,Волынская губерния,Volhynian governorate,Овруцький повіт,Волинська губернія
704,312,38,Ковельский,Kovelskii,Волынская губерния,Volhynian governorate,Ковельський повіт,Волинська губернія
705,314,38,Луцкий,Lutskii,Волынская губерния,Volhynian governorate,Луцький повіт,Волинська губернія
706,316,38,Кременецкий,Kremenetskii,Волынская губерния,Volhynian governorate,Кременецький повіт,Волинська губернія
707,320,38,Изяславский,Iziaslavskii,Волынская губерния,Volhynian governorate,Ізяславський повіт,Волинська губернія
708,325,39,Каменец-Подольский,Kamenets-Podolskii,Подольская губерния,Podolsk governorate,Кам'янець-Подільський повіт,Подільська губернія
709,330,39,Ушицкий,Ushitskii,Подольская губерния,Podolsk governorate,Ушицький повіт,Подільська губернія
710,333,39,Ольгопольский,Olgopolskii,Подольская губерния,Podolsk governorate,Ольгопільський повіт,Подільська губернія
711,332,39,Ямпольский,Iampolskii,Подольская губерния,Podolsk governorate,Ямпільський повіт,Подільська губернія
712,334,39,Гайсинский,Gaisinskii,Подольская губерния,Podolsk governorate,Гайсинський повіт,Подільська губернія
713,336,40,Радомысльский,Radomyslskii,Киевская губерния,Kiev governorate,Радомисловський повіт,Київська губернія
714,344,40,Киевский,Kievskii,Киевская губерния,Kiev governorate,Київський повіт,Київська губернія
715,338,40,Сквирский,Skvirskii,Киевская губерния,Kiev governorate,Сквирський повіт,Київська губернія
716,340,40,Уманский,Umanskii,Киевская губерния,Kiev governorate,Уманський повіт,Київська губернія
717,345,40,Васильковский,Vasilkovskii,Киевская губерния,Kiev governorate,Васильківський повіт,Київська губернія
718,347,40,Черкасский,Cherkasskii,Киевская губерния,Kiev governorate,Черкаський повіт,Київська губернія
719,353,41,Бендерский,Benderskii,Бессарабская губерния,Bessarabia governorate,Бендерський повіт,Бессарабська губернія
720,357,42,Ананьевский,Ananevskii,Херсонская губерния,Kherson governorate,Ананьєвський повіт,Херсонська губернія
721,386,44,Глуховский,Glukhovskii,Черниговская губерния,Chernigov governorate,Глухівський повіт,Чернігівська губернія
722,393,45,Рогачевский,Rogachevskii,Могилевская губерния,Mogilev governorate,Рогачевський повіт,Могилівська губернія
723,406,46,Юхновский,Iukhnovskii,Смоленская губерния,Smolensk governorate,Юхновський повіт,Смоленська губернія
724,411,46,Сычевский,Sychevskii,Смоленская губерния,Smolensk governorate,Сичевський повіт,Смоленська губернія
725,412,46,Духовщинский,Dukhovshchinskii,Смоленская губерния,Smolensk governorate,Духівщинський повіт,Смоленська губернія
726,417,47,Малоярославский,Maloiaroslavskii,Калужская губерния,Kaluga governorate,Малоярославський повіт,Калузька губернія
727,441,49,Белевский,Belevskii,Тульская губерния,Tula governorate,Білевський повіт,Тульська губернія
728,420,47,Лихвинский,Likhvinskii,Калужская губерния,Kaluga governorate,Лихвінський повіт,Калузька губернія
729,446,49,Новосильский,Novosilskii,Тульская губерния,Tula governorate,Новосільський повіт,Тульська губернія
730,451,50,Брянский,Brianskii,Орловская губерния,Orel governorate,Брянський повіт,Орловська губернія
731,453,50,Севский,Sevskii,Орловская губерния,Orel governorate,Севський повіт,Орловська губернія
732,463,51,Дмитриевский,Dmitrievskii,Курская губерния,Kursk governorate,Дмитрієвський повіт,Курська губернія
733,461,50,Елецкий,Eletskii,Орловская губерния,Orel governorate,Єлецький повіт,Орловська губернія
734,478,52,Сумский,Sumskii,Харьковская губерния,Kharkov governorate,Сумський повіт,Харківська губернія
735,484,52,Змиевский,Zmievskii,Харьковская губерния,Kharkov governorate,Зміївський повіт,Харківська губернія
736,486,52,Купянский,Kupianskii,Харьковская губерния,Kharkov governorate,Куп'янський повіт,Харківська губернія
737,499,54,Новомосковский,Novomoskovskii,Екатеринославская губерния,Ekaterinoslav governorate,Новомосковський повіт,Катеринославська губернія
738,504,54,Бахмутский,Bakhmutskii,Екатеринославская губерния,Ekaterinoslav governorate,Бахмутський повіт,Катеринославська губернія
739,505,54,Славяносербский,Slavianoserbskii,Екатеринославская губерния,Ekaterinoslav governorate,Слов'яносербський повіт,Катеринославська губернія
740,511,55,Касимовский,Kasimovskii,Рязанская губерния,Ryazan governorate,Касимовський повіт,Рязанська губернія
741,513,55,Пронский,Pronskii,Рязанская губерния,Ryazan governorate,Пронський повіт,Рязанська губернія
742,514,55,Спасский,Spasskii,Рязанская губерния,Ryazan governorate,Спаський повіт,Рязанська губернія
743,516,55,Сапожковский,Sapozhkovskii,Рязанская губерния,Ryazan governorate,Сапожківський повіт,Рязанська губернія
744,517,55,Раненбургский,Ranenburgskii,Рязанская губерния,Ryazan governorate,Раненбурзький повіт,Рязанська губернія
745,519,56,Липецкий,Lipetskii,Тамбовская губерния,Tambov governorate,Липецький повіт,Тамбовська губернія
746,523,56,Темниковский,Temnikovskii,Тамбовская губерния,Tambov governorate,Темніковський повіт,Тамбовська губернія
747,524,56,Шацкий,Shatskii,Тамбовская губерния,Tambov governorate,Шацький повіт,Тамбовська губернія
748,529,56,Тамбовский,Tambovskii,Тамбовская губерния,Tambov governorate,Тамбовський повіт,Тамбовська губернія
749,534,57,Коротоякский,Korotoiakskii,Воронежская губерния,Voronezh governorate,Коротояцький повіт,Воронезька губернія
750,537,57,Павловский,Pavlovskii,Воронежская губерния,Voronezh governorate,Павловський повіт,Воронезька губернія
751,544,58,Донской 2-й,Donskoi 2-I,Земля войска Донского,Don Cossack host lands,Донський 2-й округ,Земля війська Донського
752,551,58,Донской 1-й,Donskoi 1-I,Земля войска Донского,Don Cossack host lands,Донський 1-й округ,Земля війська Донського
753,632,72,Ставропольский,Stavropolskii,Ставропольская губерния,Stavropol governorate,Ставропольський повіт,Ставропольська губернія
754,555,59,Кавказский,Kavkazskii,Кубанская область,Kuban region,Кавказький повіт,Кубанська область
755,561,60,Сочинский,Sochinskii,Черноморская губерния,Black Sea governorate,Сочинський повіт,Чорноморська губернія
756,570,62,Батумский,Batumskii,Кутаисская  губерния вкл. Сухумский округ,Kutaisi governorate incl. Sukhumi district,Батумський повіт,Кутаїська губернія вкл. Сухумський округ
757,581,65,Нахичеванский,Nakhichevanskii,Эриванская губерния,Erevan governorate,Нахічеванський повіт,Еріванська губернія
758,584,66,Джебраильский,Dzhebrailskii,Елисаветпольская губерния,Elisabethpol governorate,Джебраїльський повіт,Єлисаветпільська губернія
759,585,66,Шушинский,Shushinskii,Елисаветпольская губерния,Elisabethpol governorate,Шушинський повіт,Єлисаветпільська губернія
760,595,67,Шемахинский,Shemakhinskii,Бакинская губерния,Baku governorate,Шемахінський повіт,Бакинська губернія
761,602,69,Даргинский,Darginskii,Дагестанская область,Dagestan region,Даргінський повіт,Дагестанська область
762,613,70,Борчалинский,Borchalinskii,Тифлисская губерния вкл. Закатальский округ,Tiflis governorate incl. Zakatalskii district,Борчалинський повіт,Тифліська губернія вкл. Закатальський округ
763,631,72,Александровский,Aleksandrovskii,Ставропольская губерния,Stavropol governorate,Олександрівський повіт,Ставропольська губернія
764,639,73,Саранский,Saranskii,Пензенская губерния,Penza governorate,Саранський повіт,Пензенська губернія
765,678,77,Кузнецкий,Kuznetskii,Саратовская губерния,Saratov governorate,Кузнецький повіт,Саратівська губернія
766,645,73,Чембарский,Chembarskii,Пензенская губерния,Penza governorate,Чембарський повіт,Пензенська губернія
767,647,74,Балахнинский,Balakhninskii,Нижегородская губерния,Nizhny Novgorod governorate,Балахнінський повіт,Нижегородська губернія
768,650,74,Васильсурский,Vasilsurskii,Нижегородская губерния,Nizhny Novgorod governorate,Васильсурський повіт,Нижегородська губернія
769,655,74,Княгининский,Kniagininskii,Нижегородская губерния,Nizhny Novgorod governorate,Княгинінський повіт,Нижегородська губернія
770,662,75,Цивильский,Tsivilskii,Казанская губерния,Kazan governorate,Цивільський повіт,Казанська губернія
771,696,79,Ставропольский,Stavropolskii,Самарская губерния,Samara governorate,Ставропольський повіт,Самарська губернія
772,664,75,Спасский,Spasskii,Казанская губерния,Kazan governorate,Спаський повіт,Казанська губернія
773,670,76,Курмыжский,Kurmyzhskii,Симбирская губерния,Simbirsk governorate,Курмизький повіт,Симбірська губернія
774,673,76,Буинский,Buinskii,Симбирская губерния,Simbirsk governorate,Буїнський повіт,Симбірська губернія
775,676,76,Сенгилеевский,Sengileevskii,Симбирская губерния,Simbirsk governorate,Сенгілєєвський повіт,Симбірська губернія
776,681,77,Саратовский,Saratovskii,Саратовская губерния,Saratov governorate,Саратовський повіт,Саратівська губернія
777,684,77,Камышинский,Kamyshinskii,Саратовская губерния,Saratov governorate,Камишинський повіт,Саратівська губернія
778,695,79,Николаевский,Nikolaevskii,Самарская губерния,Samara governorate,Миколаївський повіт,Самарська губернія
779,698,79,Бугульминский,Bugulminskii,Самарская губерния,Samara governorate,Бугульмінський повіт,Самарська губернія
780,699,79,Бузулукский,Buzulukskii,Самарская губерния,Samara governorate,Бузулуцький повіт,Самарська губернія
781,704,81,Уральский,Uralskii,Уральская область,Ural region,Уральський повіт,Уральська область
782,709,82,Белебеевский,Belebeevskii,Уфимская губерния,Ufa governorate,Білебеївський повіт,Уфімська губернія
783,715,83,Орский,Orskii,Оренбургская губерния,Orenburg governorate,Орський повіт,Оренбурзька губернія
784,710,82,Стерлитамакский,Sterlitamakskii,Уфимская губерния,Ufa governorate,Стерлітамацький повіт,Уфімська губернія
785,711,82,Уфимский,Ufimskii,Уфимская губерния,Ufa governorate,Уфімський повіт,Уфімська губернія
786,712,82,Златоустовский,Zlatoustovskii,Уфимская губерния,Ufa governorate,Золотоустовський повіт,Уфімська губернія
787,713,82,Бирский,Birskii,Уфимская губерния,Ufa governorate,Бірський повіт,Уфімська губернія
788,714,83,Оренбургский,Orenburgskii,Оренбургская губерния,Orenburg governorate,Оренбурзький повіт,Оренбурзька губернія
789,716,83,Верхнеуральский,Verkhneuralskii,Оренбургская губерния,Orenburg governorate,Верхньоуральський повіт,Оренбурзька губернія
790,791,97,Кустанайский,Kustanaiskii,Тургайская область,Turgay region,Кустанайський повіт,Тургайська область
791,718,83,Челябинский,Cheliabinskii,Оренбургская губерния,Orenburg governorate,Челябінський повіт,Оренбурзька губернія
792,719,84,Шадринский,Shadrinskii,Пермская губерния,Perm governorate,Шадрінський повіт,Пермська губернія
793,720,84,Камышловский,Kamyshlovskii,Пермская губерния,Perm governorate,Камишловський повіт,Пермська губернія
794,722,84,Верхотурский,Verkhoturskii,Пермская губерния,Perm governorate,Верхотурський повіт,Пермська губернія
795,724,84,Соликамский,Solikamskii,Пермская губерния,Perm governorate,Солікамський повіт,Пермська губернія
796,726,84,Оханский,Okhanskii,Пермская губерния,Perm governorate,Оханський повіт,Пермська губернія
797,725,84,Пермский,Permskii,Пермская губерния,Perm governorate,Пермський повіт,Пермська губернія
798,727,84,Осинский,Osinskii,Пермская губерния,Perm governorate,Осинський повіт,Пермська губернія
799,728,84,Кунгурский,Kungurskii,Пермская губерния,Perm governorate,Кунгурський повіт,Пермська губернія
800,729,84,Красноуфимский,Krasnoufimskii,Пермская губерния,Perm governorate,Красноуфимський повіт,Пермська губернія
801,735,85,Тюкалинский,Tiukalinskii,Тобольская губерния,Tobolsk governorate,Тюкалінський повіт,Тобольська губернія
802,794,98,Омский,Omskii,Акмолинская область,Akmola region,Омський повіт,Акмолінська область
803,793,98,Петропавловский,Petropavlovskii,Акмолинская область,Akmola region,Петропавлівський повіт,Акмолінська область
804,736,85,Ишимский,Ishimskii,Тобольская губерния,Tobolsk governorate,Ішимський повіт,Тобольська губернія
805,737,85,Курганский,Kurganskii,Тобольская губерния,Tobolsk governorate,Курганський повіт,Тобольська губернія
806,738,85,Ялуторовский,Ialutorovskii,Тобольская губерния,Tobolsk governorate,Ялуторівський повіт,Тобольська губернія
807,747,86,Красноярский,Krasnoiarskii,Енисейская губерния,Enisei governorate,Красноярський повіт,Єнісейська губернія
808,755,87,Змеиногорский,Zmeinogorskii,Томская губерния,Tomsk governorate,Зміїногорський повіт,Томська губернія
809,767,90,Нерчинский,Nerchinskii,Забайкальская область,Transbaikal region,Нерчинський повіт,Забайкальська область
810,770,90,Баргузинский,Barguzinskii,Забайкальская область,Transbaikal region,Баргузинський повіт,Забайкальська область
811,772,91,Верхоленский,Verkholenskii,Иркутская губерния,Irkutsk governorate,Верхоленський повіт,Іркутська губернія
812,809,101,Аулиеатинский,Aulieatinskii,Сырдарьинская область,Syr-Darya region,Аулієатинський повіт,Сирдар'їнська область
813,811,101,Перовский,Perovskii,Сырдарьинская область,Syr-Darya region,Перовський повіт,Сирдар'їнська область
814,814,101,Ташкентский,Tashkentskii,Сырдарьинская область,Syr-Darya region,Ташкентський повіт,Сирдар'їнська область
815,820,103,Хива,Khiva,Хива,Khiva,Хіва,Хіва
816,821,104,Ходжентский,Khodzhentskii,Самаркандская область,Samarkand region,Ходжентський повіт,Самаркандська область
817,826,106,Наманганский,Namanganskii,Ферганская область,Fergana region,Наманганський повіт,Ферганська область
818,829,106,Скобелевский,Skobelevskii,Ферганская область,Fergana region,Скобелевський повіт,Ферганська область
819,831,2,Петергофский,Petergofskii,Санкт-Петербургская губерния,St. Petersburg governorate,Петергофський повіт,Санкт-Петербурзька губернія
820,832,2,Петроградский,Petrogradskii,Санкт-Петербургская губерния,St. Petersburg governorate,Петроградський повіт,Санкт-Петербурзька губернія
821,836,15,Кадниковский,Kadnikovskii,Вологодская губерния,Vologda governorate,Кадніковський повіт,Вологодська губернія
822,837,15,Грязовецкий,Griazovetskii,Вологодская губерния,Vologda governorate,Грязовецький повіт,Вологодська губернія
823,692,78,Царевский,Tsarevskii,Астраханская губерния,Astrakhan governorate,Царевський повіт,Астраханська губернія
824,846,78,Внутренняя Киргизская орда,Vnutrenniaia Kirgizskaia Orda,Астраханская губерния,Astrakhan governorate,Внутрішня Киргизька орда,Астраханська губернія